customer_id,first_name,last_name,email,phone,city,age,registration_date
CUST00001,Marek,Mazur,marek.mazur0@gmail.com,NULL,,69,
CUST00002,Anna,Kowalski,anna.kowalski1@gmail.com,48511366760,Poznań,30,29-07-2022
CUST00003,Jan,Zieliński,jan.zieliński2@wp.pl,NULL,NULL,,NULL
CUST00004,Marek,Wójcik,marek.wójcik3@wp.pl,,Warszawa,NULL,
CUST00005,Piotr,Zieliński,piotr.zieliński4@example.com,48815003582,Gdańsk,unknown,NULL
CUST00006,Magdalena,Wiśniewski,magdalena.wiśniewski5@example.com,,NULL,unknown,NULL
CUST00007,Piotr,Kaczmarek,piotr.kaczmarek6@example.com,,Kraków,46,07-01-2021
CUST00008,Tomasz,Wójcik,tomasz.wójcik7@gmail.com,NULL,NULL,,2016-11-30
CUST00009,Jan,Wiśniewski,jan.wiśniewski8@onet.pl,,Warszawa,,21-08-2022
CUST00010,Agnieszka,Kaczmarek,agnieszka.kaczmarek9@example.com,NULL,Gdańsk,NULL,
CUST00011,Katarzyna,Kaczmarek,katarzyna.kaczmarek10@wp.pl,48858357356,Poznań,31,10-09-2015
CUST00012,Marek,Nowak,marek.nowak11@gmail.com,,Łódź,unknown,17-01-2016
CUST00013,Agnieszka,Wójcik,agnieszka.wójcik12@example.com,NULL,Poznań,unknown,2015-11-28
CUST00014,Agnieszka,Wiśniewski,agnieszka.wiśniewski13@onet.pl,,NULL,,
CUST00015,Agnieszka,Kowalski,agnieszka.kowalski14@gmail.com,,NULL,84,05-03-2016
CUST00016,Piotr,Nowak,piotr.nowak15@onet.pl,,Warszawa,53,
CUST00017,Piotr,Mazur,piotr.mazur16@example.com,,Gdańsk,,NULL
CUST00018,Marek,Nowak,marek.nowak17@gmail.com,NULL,,,
CUST00019,Anna,Wójcik,anna.wójcik18@onet.pl,,Łódź,NULL,05-11-2016
CUST00020,Jan,Wiśniewski,jan.wiśniewski19@onet.pl,NULL,Łódź,NULL,29-11-2019
CUST00021,Tomasz,Kaczmarek,tomasz.kaczmarek20@onet.pl,48657011758,,unknown,NULL
CUST00022,Jan,Mazur,jan.mazur21@onet.pl,48501141237,Łódź,21,NULL
CUST00023,Jan,Kaczmarek,jan.kaczmarek22@example.com,48719071732,Poznań,87,2023-03-26
CUST00024,Katarzyna,Wiśniewski,katarzyna.wiśniewski23@example.com,48515335328,Gdańsk,,
CUST00025,Piotr,Kowalski,piotr.kowalski24@onet.pl,,Kraków,64,
CUST00026,Marek,Kowalski,marek.kowalski25@wp.pl,,Łódź,NULL,NULL
CUST00027,Anna,Zieliński,anna.zieliński26@wp.pl,NULL,Łódź,NULL,
CUST00028,Tomasz,Kaczmarek,tomasz.kaczmarek27@onet.pl,,Warszawa,52,2018-02-15
CUST00029,Tomasz,Wójcik,tomasz.wójcik28@wp.pl,NULL,,NULL,18-12-2018
CUST00030,Jan,Mazur,jan.mazur29@example.com,,Łódź,,NULL
CUST00031,Agnieszka,Zieliński,agnieszka.zieliński30@example.com,,Warszawa,27,
CUST00032,Anna,Wiśniewski,anna.wiśniewski31@example.com,,Kraków,,2020-10-05
CUST00033,Marek,Mazur,marek.mazur32@example.com,48882675233,Poznań,unknown,
CUST00034,Agnieszka,Nowak,agnieszka.nowak33@wp.pl,,Warszawa,NULL,2024-06-09
CUST00035,Magdalena,Kaczmarek,magdalena.kaczmarek34@wp.pl,,Gdańsk,NULL,2017-06-30
CUST00036,Agnieszka,Kaczmarek,agnieszka.kaczmarek35@wp.pl,NULL,Kraków,unknown,16-06-2025
CUST00037,Agnieszka,Kaczmarek,agnieszka.kaczmarek36@gmail.com,NULL,NULL,56,
CUST00038,Marek,Zieliński,marek.zieliński37@example.com,48525889236,Warszawa,unknown,16-07-2021
CUST00039,Agnieszka,Wiśniewski,agnieszka.wiśniewski38@example.com,48870662028,Łódź,,NULL
CUST00040,Tomasz,Zieliński,tomasz.zieliński39@example.com,,Poznań,NULL,01-07-2020
CUST00041,Anna,Wiśniewski,anna.wiśniewski40@gmail.com,NULL,Poznań,unknown,
CUST00042,Anna,Kaczmarek,anna.kaczmarek41@wp.pl,48725019421,NULL,53,2019-05-23
CUST00043,Agnieszka,Kaczmarek,agnieszka.kaczmarek42@onet.pl,NULL,Łódź,,NULL
CUST00044,Marek,Wiśniewski,marek.wiśniewski43@example.com,NULL,,NULL,NULL
CUST00045,Tomasz,Zieliński,tomasz.zieliński44@onet.pl,,Łódź,27,
CUST00046,Magdalena,Kowalski,magdalena.kowalski45@gmail.com,,Gdańsk,unknown,2024-01-21
CUST00047,Agnieszka,Zieliński,agnieszka.zieliński46@wp.pl,NULL,Wrocław,43,NULL
CUST00048,Katarzyna,Kowalski,katarzyna.kowalski47@gmail.com,,Wrocław,unknown,17-08-2016
CUST00049,Anna,Kowalski,anna.kowalski48@wp.pl,NULL,,57,
CUST00050,Magdalena,Zieliński,magdalena.zieliński49@example.com,,NULL,,
CUST00051,Piotr,Mazur,piotr.mazur50@wp.pl,,Kraków,,28-04-2015
CUST00052,Piotr,Kowalski,piotr.kowalski51@wp.pl,NULL,NULL,NULL,NULL
CUST00053,Anna,Wiśniewski,anna.wiśniewski52@wp.pl,48851122625,Wrocław,,NULL
CUST00054,Jan,Kowalski,jan.kowalski53@example.com,,Warszawa,unknown,
CUST00055,Agnieszka,Nowak,agnieszka.nowak54@gmail.com,,Gdańsk,,13-02-2019
CUST00056,Jan,Mazur,jan.mazur55@example.com,NULL,Gdańsk,87,NULL
CUST00057,Tomasz,Wójcik,tomasz.wójcik56@onet.pl,NULL,Poznań,,2015-10-22
CUST00058,Agnieszka,Wójcik,agnieszka.wójcik57@gmail.com,48646311913,Kraków,90,15-03-2016
CUST00059,Katarzyna,Nowak,katarzyna.nowak58@gmail.com,48564413313,Gdańsk,unknown,
CUST00060,Magdalena,Nowak,magdalena.nowak59@example.com,,Łódź,53,NULL
CUST00061,Katarzyna,Nowak,katarzyna.nowak60@wp.pl,,NULL,76,06-12-2020
CUST00062,Jan,Nowak,jan.nowak61@gmail.com,48567485575,Wrocław,NULL,2023-06-16
CUST00063,Katarzyna,Wójcik,katarzyna.wójcik62@gmail.com,48541102770,Kraków,,NULL
CUST00064,Magdalena,Nowak,magdalena.nowak63@example.com,,Warszawa,32,
CUST00065,Magdalena,Mazur,magdalena.mazur64@example.com,,Warszawa,26,2023-08-23
CUST00066,Piotr,Zieliński,piotr.zieliński65@onet.pl,48755963825,,,2023-12-07
CUST00067,Magdalena,Kowalski,magdalena.kowalski66@wp.pl,NULL,Łódź,NULL,NULL
CUST00068,Magdalena,Wójcik,magdalena.wójcik67@example.com,,Poznań,NULL,NULL
CUST00069,Anna,Wiśniewski,anna.wiśniewski68@gmail.com,NULL,,NULL,NULL
CUST00070,Piotr,Nowak,piotr.nowak69@onet.pl,,Wrocław,74,2016-07-18
CUST00071,Katarzyna,Kaczmarek,katarzyna.kaczmarek70@gmail.com,,Łódź,NULL,15-10-2025
CUST00072,Anna,Mazur,anna.mazur71@wp.pl,48653199538,Kraków,unknown,15-08-2022
CUST00073,Magdalena,Kowalski,magdalena.kowalski72@example.com,,Warszawa,,NULL
CUST00074,Magdalena,Wiśniewski,magdalena.wiśniewski73@gmail.com,,Gdańsk,NULL,
CUST00075,Tomasz,Mazur,tomasz.mazur74@example.com,,Warszawa,unknown,
CUST00076,Piotr,Zieliński,piotr.zieliński75@example.com,,Kraków,87,
CUST00077,Katarzyna,Nowak,katarzyna.nowak76@wp.pl,,NULL,,05-11-2021
CUST00078,Magdalena,Zieliński,magdalena.zieliński77@onet.pl,48695642306,Wrocław,unknown,NULL
CUST00079,Anna,Nowak,anna.nowak78@wp.pl,NULL,Warszawa,unknown,01-08-2019
CUST00080,Anna,Mazur,anna.mazur79@example.com,NULL,NULL,NULL,30-07-2022
CUST00081,Marek,Mazur,marek.mazur80@example.com,,NULL,,
CUST00082,Piotr,Nowak,piotr.nowak81@onet.pl,48689581203,Kraków,NULL,2017-11-02
CUST00083,Tomasz,Kaczmarek,tomasz.kaczmarek82@wp.pl,48662146864,Łódź,87,NULL
CUST00084,Tomasz,Kaczmarek,tomasz.kaczmarek83@example.com,,NULL,unknown,2017-03-26
CUST00085,Marek,Wiśniewski,marek.wiśniewski84@onet.pl,NULL,Kraków,34,2017-03-02
CUST00086,Agnieszka,Wójcik,agnieszka.wójcik85@example.com,,Łódź,NULL,
CUST00087,Magdalena,Mazur,magdalena.mazur86@example.com,NULL,Łódź,unknown,
CUST00088,Katarzyna,Zieliński,katarzyna.zieliński87@onet.pl,48830111500,Kraków,,
CUST00089,Magdalena,Wiśniewski,magdalena.wiśniewski88@onet.pl,48814959042,Warszawa,unknown,2020-05-18
CUST00090,Katarzyna,Mazur,katarzyna.mazur89@example.com,,Wrocław,NULL,NULL
CUST00091,Katarzyna,Wójcik,katarzyna.wójcik90@onet.pl,48786184423,Łódź,73,2025-08-02
CUST00092,Agnieszka,Wiśniewski,agnieszka.wiśniewski91@onet.pl,NULL,Wrocław,,
CUST00093,Magdalena,Zieliński,magdalena.zieliński92@gmail.com,,Kraków,,14-09-2025
CUST00094,Agnieszka,Kowalski,agnieszka.kowalski93@example.com,48748082723,Wrocław,unknown,31-12-2024
CUST00095,Marek,Nowak,marek.nowak94@gmail.com,NULL,,,25-07-2016
CUST00096,Tomasz,Kaczmarek,tomasz.kaczmarek95@wp.pl,48737587639,Warszawa,NULL,NULL
CUST00097,Katarzyna,Mazur,katarzyna.mazur96@wp.pl,NULL,Poznań,64,28-06-2016
CUST00098,Jan,Kaczmarek,jan.kaczmarek97@wp.pl,48811867393,,NULL,2019-03-30
CUST00099,Magdalena,Zieliński,magdalena.zieliński98@wp.pl,48836684334,Łódź,49,NULL
CUST00100,Marek,Kowalski,marek.kowalski99@onet.pl,48780449320,Warszawa,unknown,30-09-2021
CUST00101,Piotr,Wiśniewski,piotr.wiśniewski100@example.com,NULL,Kraków,unknown,10-04-2017
CUST00102,Magdalena,Mazur,magdalena.mazur101@wp.pl,48541554505,Warszawa,unknown,NULL
CUST00103,Katarzyna,Mazur,katarzyna.mazur102@example.com,,Gdańsk,,NULL
CUST00104,Jan,Mazur,jan.mazur103@example.com,,,,NULL
CUST00105,Katarzyna,Mazur,katarzyna.mazur104@wp.pl,48880455022,Gdańsk,unknown,NULL
CUST00106,Agnieszka,Wiśniewski,agnieszka.wiśniewski105@example.com,48730561091,Łódź,NULL,
CUST00107,Katarzyna,Wiśniewski,katarzyna.wiśniewski106@wp.pl,NULL,,37,19-08-2025
CUST00108,Agnieszka,Kowalski,agnieszka.kowalski107@example.com,NULL,Łódź,60,
CUST00109,Magdalena,Kaczmarek,magdalena.kaczmarek108@example.com,NULL,Gdańsk,NULL,2016-05-12
CUST00110,Jan,Kowalski,jan.kowalski109@example.com,,Wrocław,NULL,13-02-2022
CUST00111,Jan,Kowalski,jan.kowalski110@onet.pl,NULL,NULL,81,
CUST00112,Magdalena,Kaczmarek,magdalena.kaczmarek111@wp.pl,48502544636,Łódź,unknown,19-07-2021
CUST00113,Agnieszka,Wiśniewski,agnieszka.wiśniewski112@example.com,48566778965,Wrocław,NULL,NULL
CUST00114,Katarzyna,Wójcik,katarzyna.wójcik113@wp.pl,,Kraków,NULL,2018-03-06
CUST00115,Magdalena,Mazur,magdalena.mazur114@wp.pl,,Wrocław,,
CUST00116,Jan,Kowalski,jan.kowalski115@onet.pl,NULL,Wrocław,unknown,
CUST00117,Katarzyna,Wójcik,katarzyna.wójcik116@onet.pl,NULL,,,2025-01-09
CUST00118,Piotr,Kowalski,piotr.kowalski117@onet.pl,48650065182,Kraków,unknown,24-03-2021
CUST00119,Piotr,Kowalski,piotr.kowalski118@onet.pl,48790234557,Poznań,,
CUST00120,Agnieszka,Kaczmarek,agnieszka.kaczmarek119@onet.pl,NULL,,,
CUST00121,Agnieszka,Wiśniewski,agnieszka.wiśniewski120@onet.pl,,Poznań,35,2018-04-17
CUST00122,Marek,Mazur,marek.mazur121@onet.pl,48737305946,Łódź,27,NULL
CUST00123,Katarzyna,Kowalski,katarzyna.kowalski122@wp.pl,NULL,,NULL,02-11-2020
CUST00124,Tomasz,Mazur,tomasz.mazur123@wp.pl,48670996603,Gdańsk,unknown,NULL
CUST00125,Jan,Mazur,jan.mazur124@wp.pl,48593676430,NULL,41,
CUST00126,Agnieszka,Wójcik,agnieszka.wójcik125@wp.pl,48554099796,Warszawa,NULL,02-12-2019
CUST00127,Agnieszka,Kowalski,agnieszka.kowalski126@example.com,48541250960,Łódź,unknown,2023-03-19
CUST00128,Tomasz,Wójcik,tomasz.wójcik127@wp.pl,,Warszawa,NULL,
CUST00129,Magdalena,Mazur,magdalena.mazur128@wp.pl,,,,NULL
CUST00130,Jan,Mazur,jan.mazur129@onet.pl,48786853929,Warszawa,63,
CUST00131,Piotr,Kaczmarek,piotr.kaczmarek130@example.com,NULL,Warszawa,18,NULL
CUST00132,Tomasz,Wiśniewski,tomasz.wiśniewski131@wp.pl,NULL,,NULL,2025-01-24
CUST00133,Agnieszka,Mazur,agnieszka.mazur132@wp.pl,NULL,Gdańsk,63,2021-11-22
CUST00134,Piotr,Nowak,piotr.nowak133@onet.pl,48571096394,Gdańsk,NULL,
CUST00135,Piotr,Wójcik,piotr.wójcik134@gmail.com,NULL,Wrocław,,2017-12-08
CUST00136,Tomasz,Wiśniewski,tomasz.wiśniewski135@onet.pl,48627214854,Gdańsk,NULL,2021-11-19
CUST00137,Anna,Mazur,anna.mazur136@gmail.com,48510936490,Wrocław,,11-03-2018
CUST00138,Magdalena,Wiśniewski,magdalena.wiśniewski137@example.com,,Poznań,NULL,11-01-2020
CUST00139,Agnieszka,Nowak,agnieszka.nowak138@gmail.com,,Gdańsk,unknown,NULL
CUST00140,Magdalena,Zieliński,magdalena.zieliński139@wp.pl,NULL,Poznań,77,
CUST00141,Piotr,Nowak,piotr.nowak140@wp.pl,48838694747,Warszawa,NULL,25-08-2025
CUST00142,Tomasz,Wójcik,tomasz.wójcik141@wp.pl,,Wrocław,64,2015-11-22
CUST00143,Agnieszka,Wójcik,agnieszka.wójcik142@gmail.com,NULL,Kraków,,NULL
CUST00144,Magdalena,Wiśniewski,magdalena.wiśniewski143@onet.pl,48804717989,Wrocław,,
CUST00145,Tomasz,Nowak,tomasz.nowak144@gmail.com,48516352434,Wrocław,unknown,28-05-2024
CUST00146,Tomasz,Kowalski,tomasz.kowalski145@wp.pl,NULL,Kraków,unknown,NULL
CUST00147,Magdalena,Nowak,magdalena.nowak146@wp.pl,NULL,NULL,unknown,NULL
CUST00148,Anna,Zieliński,anna.zieliński147@wp.pl,NULL,,unknown,25-08-2025
CUST00149,Magdalena,Wiśniewski,magdalena.wiśniewski148@gmail.com,,Warszawa,NULL,NULL
CUST00150,Agnieszka,Nowak,agnieszka.nowak149@wp.pl,48691867371,NULL,NULL,
CUST00151,Marek,Mazur,marek.mazur150@onet.pl,,Poznań,NULL,19-06-2018
CUST00152,Jan,Kowalski,jan.kowalski151@onet.pl,48762408432,Warszawa,NULL,
CUST00153,Tomasz,Kowalski,tomasz.kowalski152@example.com,48637910524,Warszawa,unknown,
CUST00154,Anna,Wójcik,anna.wójcik153@onet.pl,48881693691,Warszawa,54,NULL
CUST00155,Magdalena,Wiśniewski,magdalena.wiśniewski154@example.com,,NULL,unknown,NULL
CUST00156,Magdalena,Wiśniewski,magdalena.wiśniewski155@gmail.com,NULL,Poznań,,NULL
CUST00157,Katarzyna,Kaczmarek,katarzyna.kaczmarek156@wp.pl,48741936635,Łódź,NULL,NULL
CUST00158,Piotr,Wiśniewski,piotr.wiśniewski157@gmail.com,,Łódź,NULL,24-08-2021
CUST00159,Anna,Kaczmarek,anna.kaczmarek158@onet.pl,48866481371,,23,07-12-2015
CUST00160,Marek,Nowak,marek.nowak159@example.com,,Kraków,53,16-08-2016
CUST00161,Piotr,Wójcik,piotr.wójcik160@gmail.com,,Warszawa,,24-05-2019
CUST00162,Piotr,Kowalski,piotr.kowalski161@example.com,,Łódź,NULL,2016-03-18
CUST00163,Katarzyna,Wiśniewski,katarzyna.wiśniewski162@gmail.com,,Wrocław,,
CUST00164,Tomasz,Wiśniewski,tomasz.wiśniewski163@example.com,NULL,Kraków,59,
CUST00165,Jan,Zieliński,jan.zieliński164@wp.pl,NULL,,unknown,13-05-2020
CUST00166,Katarzyna,Zieliński,katarzyna.zieliński165@gmail.com,NULL,Wrocław,19,09-12-2020
CUST00167,Anna,Nowak,anna.nowak166@onet.pl,,Kraków,unknown,NULL
CUST00168,Anna,Kaczmarek,anna.kaczmarek167@onet.pl,48600857425,Warszawa,NULL,2023-02-02
CUST00169,Anna,Mazur,anna.mazur168@example.com,48585851510,NULL,72,NULL
CUST00170,Agnieszka,Kowalski,agnieszka.kowalski169@gmail.com,NULL,Łódź,73,NULL
CUST00171,Tomasz,Nowak,tomasz.nowak170@wp.pl,,Poznań,NULL,2021-05-27
CUST00172,Jan,Kowalski,jan.kowalski171@gmail.com,48605562693,Poznań,NULL,28-06-2021
CUST00173,Marek,Zieliński,marek.zieliński172@onet.pl,,Poznań,unknown,NULL
CUST00174,Marek,Kaczmarek,marek.kaczmarek173@gmail.com,48586703155,,27,
CUST00175,Agnieszka,Kaczmarek,agnieszka.kaczmarek174@wp.pl,NULL,Poznań,,NULL
CUST00176,Anna,Nowak,anna.nowak175@example.com,48826327213,Gdańsk,,28-03-2022
CUST00177,Piotr,Wiśniewski,piotr.wiśniewski176@gmail.com,NULL,NULL,37,2023-11-09
CUST00178,Agnieszka,Nowak,agnieszka.nowak177@onet.pl,,Warszawa,,2023-03-08
CUST00179,Magdalena,Kowalski,magdalena.kowalski178@example.com,,Wrocław,NULL,2019-08-29
CUST00180,Piotr,Nowak,piotr.nowak179@gmail.com,NULL,Gdańsk,NULL,30-06-2017
CUST00181,Magdalena,Nowak,magdalena.nowak180@example.com,48790680965,Gdańsk,NULL,NULL
CUST00182,Jan,Kowalski,jan.kowalski181@wp.pl,48693175473,Łódź,unknown,24-01-2016
CUST00183,Piotr,Zieliński,piotr.zieliński182@wp.pl,48666801251,,58,NULL
CUST00184,Tomasz,Wójcik,tomasz.wójcik183@wp.pl,NULL,Gdańsk,29,
CUST00185,Jan,Zieliński,jan.zieliński184@onet.pl,48793620553,NULL,unknown,2020-10-20
CUST00186,Katarzyna,Kaczmarek,katarzyna.kaczmarek185@gmail.com,,Wrocław,,2025-03-05
CUST00187,Anna,Mazur,anna.mazur186@onet.pl,NULL,Wrocław,67,2016-07-28
CUST00188,Jan,Wójcik,jan.wójcik187@example.com,,NULL,NULL,NULL
CUST00189,Agnieszka,Nowak,agnieszka.nowak188@example.com,,Wrocław,32,2015-05-14
CUST00190,Marek,Kaczmarek,marek.kaczmarek189@example.com,48804551131,Warszawa,unknown,
CUST00191,Piotr,Nowak,piotr.nowak190@onet.pl,NULL,Wrocław,32,
CUST00192,Katarzyna,Nowak,katarzyna.nowak191@example.com,,Gdańsk,unknown,NULL
CUST00193,Jan,Zieliński,jan.zieliński192@example.com,NULL,Łódź,unknown,23-09-2020
CUST00194,Tomasz,Mazur,tomasz.mazur193@onet.pl,48663225332,Łódź,,NULL
CUST00195,Jan,Wójcik,jan.wójcik194@gmail.com,48785954636,Wrocław,unknown,24-10-2015
CUST00196,Marek,Wiśniewski,marek.wiśniewski195@onet.pl,,Warszawa,,2020-03-23
CUST00197,Anna,Nowak,anna.nowak196@onet.pl,48885207154,,NULL,2025-10-18
CUST00198,Agnieszka,Mazur,agnieszka.mazur197@wp.pl,48766830843,NULL,57,2019-10-29
CUST00199,Marek,Kowalski,marek.kowalski198@example.com,48517715204,,NULL,
CUST00200,Agnieszka,Wiśniewski,agnieszka.wiśniewski199@onet.pl,NULL,Kraków,,
CUST00201,Agnieszka,Mazur,agnieszka.mazur200@onet.pl,,,,
CUST00202,Piotr,Wójcik,piotr.wójcik201@example.com,48643941111,Wrocław,unknown,2017-11-15
CUST00203,Anna,Zieliński,anna.zieliński202@onet.pl,48854870097,Kraków,unknown,
CUST00204,Jan,Mazur,jan.mazur203@onet.pl,,Kraków,65,
CUST00205,Katarzyna,Kaczmarek,katarzyna.kaczmarek204@wp.pl,NULL,Poznań,31,NULL
CUST00206,Anna,Nowak,anna.nowak205@gmail.com,NULL,Poznań,NULL,
CUST00207,Marek,Mazur,marek.mazur206@wp.pl,,Poznań,NULL,2020-07-24
CUST00208,Katarzyna,Zieliński,katarzyna.zieliński207@gmail.com,48864070051,Łódź,NULL,
CUST00209,Marek,Zieliński,marek.zieliński208@wp.pl,NULL,NULL,72,
CUST00210,Piotr,Wiśniewski,piotr.wiśniewski209@wp.pl,NULL,Wrocław,,25-09-2022
CUST00211,Agnieszka,Mazur,agnieszka.mazur210@wp.pl,NULL,Łódź,,NULL
CUST00212,Tomasz,Nowak,tomasz.nowak211@example.com,NULL,,unknown,
CUST00213,Tomasz,Wiśniewski,tomasz.wiśniewski212@onet.pl,NULL,Warszawa,79,
CUST00214,Anna,Wójcik,anna.wójcik213@example.com,48534575882,,unknown,2018-06-21
CUST00215,Marek,Mazur,marek.mazur214@gmail.com,48802711036,NULL,86,NULL
CUST00216,Marek,Wójcik,marek.wójcik215@gmail.com,NULL,Wrocław,unknown,
CUST00217,Katarzyna,Kaczmarek,katarzyna.kaczmarek216@gmail.com,48716189768,Gdańsk,NULL,2017-04-09
CUST00218,Marek,Mazur,marek.mazur217@gmail.com,,NULL,,
CUST00219,Tomasz,Wiśniewski,tomasz.wiśniewski218@wp.pl,NULL,Kraków,,
CUST00220,Jan,Wójcik,jan.wójcik219@onet.pl,NULL,Łódź,NULL,2024-09-16
CUST00221,Piotr,Kowalski,piotr.kowalski220@onet.pl,NULL,Łódź,unknown,2025-03-07
CUST00222,Anna,Mazur,anna.mazur221@wp.pl,,Warszawa,69,NULL
CUST00223,Anna,Zieliński,anna.zieliński222@example.com,,Poznań,unknown,2017-04-25
CUST00224,Agnieszka,Kowalski,agnieszka.kowalski223@wp.pl,48603341765,Łódź,41,NULL
CUST00225,Anna,Kaczmarek,anna.kaczmarek224@onet.pl,48500476535,Gdańsk,NULL,11-06-2019
CUST00226,Magdalena,Zieliński,magdalena.zieliński225@onet.pl,,,,30-05-2017
CUST00227,Agnieszka,Mazur,agnieszka.mazur226@wp.pl,48813026225,,NULL,2026-01-25
CUST00228,Jan,Kowalski,jan.kowalski227@wp.pl,,Gdańsk,58,
CUST00229,Tomasz,Wójcik,tomasz.wójcik228@gmail.com,,Łódź,,06-04-2025
CUST00230,Agnieszka,Wójcik,agnieszka.wójcik229@gmail.com,NULL,Kraków,NULL,06-12-2017
CUST00231,Piotr,Kaczmarek,piotr.kaczmarek230@onet.pl,,Kraków,unknown,
CUST00232,Anna,Wójcik,anna.wójcik231@wp.pl,,NULL,NULL,23-07-2023
CUST00233,Agnieszka,Wiśniewski,agnieszka.wiśniewski232@gmail.com,,Łódź,76,NULL
CUST00234,Agnieszka,Mazur,agnieszka.mazur233@wp.pl,48568516455,Gdańsk,unknown,14-11-2018
CUST00235,Katarzyna,Mazur,katarzyna.mazur234@example.com,,Wrocław,NULL,14-08-2024
CUST00236,Agnieszka,Wiśniewski,agnieszka.wiśniewski235@onet.pl,,Gdańsk,,12-10-2024
CUST00237,Jan,Mazur,jan.mazur236@wp.pl,,NULL,unknown,
CUST00238,Jan,Wójcik,jan.wójcik237@wp.pl,,,NULL,2017-06-13
CUST00239,Katarzyna,Kowalski,katarzyna.kowalski238@example.com,NULL,NULL,NULL,NULL
CUST00240,Tomasz,Mazur,tomasz.mazur239@gmail.com,,Kraków,,2024-12-28
CUST00241,Anna,Kowalski,anna.kowalski240@example.com,,,31,
CUST00242,Agnieszka,Kowalski,agnieszka.kowalski241@example.com,48654534496,Warszawa,71,2020-08-20
CUST00243,Marek,Kowalski,marek.kowalski242@gmail.com,NULL,NULL,unknown,17-10-2021
CUST00244,Tomasz,Kowalski,tomasz.kowalski243@onet.pl,,Warszawa,NULL,05-05-2019
CUST00245,Piotr,Nowak,piotr.nowak244@onet.pl,NULL,Kraków,unknown,25-02-2021
CUST00246,Tomasz,Wiśniewski,tomasz.wiśniewski245@onet.pl,,Wrocław,unknown,NULL
CUST00247,Anna,Nowak,anna.nowak246@wp.pl,,,,NULL
CUST00248,Agnieszka,Mazur,agnieszka.mazur247@example.com,,Gdańsk,NULL,27-09-2023
CUST00249,Agnieszka,Kowalski,agnieszka.kowalski248@wp.pl,,Kraków,,23-04-2019
CUST00250,Anna,Wiśniewski,anna.wiśniewski249@onet.pl,,NULL,41,
CUST00251,Anna,Wójcik,anna.wójcik250@example.com,48848288582,NULL,,2016-05-27
CUST00252,Jan,Kowalski,jan.kowalski251@gmail.com,,Wrocław,unknown,26-06-2022
CUST00253,Magdalena,Kowalski,magdalena.kowalski252@example.com,,Poznań,24,2020-10-29
CUST00254,Jan,Nowak,jan.nowak253@example.com,NULL,NULL,unknown,2020-03-18
CUST00255,Piotr,Zieliński,piotr.zieliński254@wp.pl,48831520828,Warszawa,,NULL
CUST00256,Tomasz,Kaczmarek,tomasz.kaczmarek255@gmail.com,48804485058,Wrocław,,
CUST00257,Jan,Nowak,jan.nowak256@gmail.com,NULL,NULL,unknown,13-01-2018
CUST00258,Agnieszka,Zieliński,agnieszka.zieliński257@onet.pl,48838223811,Poznań,unknown,2023-06-20
CUST00259,Katarzyna,Wójcik,katarzyna.wójcik258@example.com,NULL,Łódź,NULL,14-09-2023
CUST00260,Magdalena,Wiśniewski,magdalena.wiśniewski259@onet.pl,NULL,Kraków,unknown,
CUST00261,Jan,Kowalski,jan.kowalski260@example.com,,,,12-06-2018
CUST00262,Anna,Wójcik,anna.wójcik261@wp.pl,,NULL,NULL,
CUST00263,Jan,Kowalski,jan.kowalski262@gmail.com,NULL,,NULL,09-01-2025
CUST00264,Marek,Nowak,marek.nowak263@onet.pl,NULL,NULL,,
CUST00265,Katarzyna,Mazur,katarzyna.mazur264@example.com,,Gdańsk,38,2019-12-07
CUST00266,Katarzyna,Mazur,katarzyna.mazur265@example.com,,Łódź,NULL,NULL
CUST00267,Jan,Wiśniewski,jan.wiśniewski266@onet.pl,48807184553,Łódź,unknown,NULL
CUST00268,Magdalena,Wójcik,magdalena.wójcik267@onet.pl,,Wrocław,66,14-09-2015
CUST00269,Marek,Mazur,marek.mazur268@gmail.com,NULL,Kraków,NULL,NULL
CUST00270,Marek,Kaczmarek,marek.kaczmarek269@gmail.com,NULL,Warszawa,39,2016-10-24
CUST00271,Agnieszka,Zieliński,agnieszka.zieliński270@onet.pl,,Wrocław,,NULL
CUST00272,Agnieszka,Kaczmarek,agnieszka.kaczmarek271@gmail.com,NULL,NULL,unknown,2019-06-26
CUST00273,Agnieszka,Nowak,agnieszka.nowak272@wp.pl,48672555492,Gdańsk,70,2016-05-30
CUST00274,Anna,Wójcik,anna.wójcik273@wp.pl,,Gdańsk,NULL,
CUST00275,Katarzyna,Wójcik,katarzyna.wójcik274@wp.pl,48816833750,Wrocław,,
CUST00276,Tomasz,Kowalski,tomasz.kowalski275@gmail.com,48784897474,NULL,,
CUST00277,Marek,Nowak,marek.nowak276@onet.pl,,Kraków,unknown,2025-04-19
CUST00278,Agnieszka,Wiśniewski,agnieszka.wiśniewski277@example.com,,Poznań,unknown,NULL
CUST00279,Tomasz,Kowalski,tomasz.kowalski278@gmail.com,,Kraków,,2016-02-04
CUST00280,Piotr,Mazur,piotr.mazur279@gmail.com,NULL,Kraków,36,2016-02-19
CUST00281,Piotr,Kowalski,piotr.kowalski280@gmail.com,,Warszawa,38,20-12-2015
CUST00282,Marek,Wiśniewski,marek.wiśniewski281@gmail.com,48729434813,Gdańsk,NULL,2017-07-14
CUST00283,Marek,Wójcik,marek.wójcik282@gmail.com,48612904991,Wrocław,87,NULL
CUST00284,Jan,Zieliński,jan.zieliński283@example.com,,,unknown,
CUST00285,Tomasz,Nowak,tomasz.nowak284@onet.pl,,Łódź,NULL,NULL
CUST00286,Tomasz,Kaczmarek,tomasz.kaczmarek285@wp.pl,48763870305,Warszawa,,17-11-2020
CUST00287,Anna,Zieliński,anna.zieliński286@wp.pl,48545409697,Gdańsk,unknown,2016-04-19
CUST00288,Marek,Mazur,marek.mazur287@onet.pl,,Gdańsk,,NULL
CUST00289,Magdalena,Nowak,magdalena.nowak288@example.com,,Gdańsk,unknown,
CUST00290,Jan,Kowalski,jan.kowalski289@onet.pl,48621054215,,,NULL
CUST00291,Magdalena,Zieliński,magdalena.zieliński290@example.com,NULL,Poznań,NULL,NULL
CUST00292,Agnieszka,Kaczmarek,agnieszka.kaczmarek291@gmail.com,48614557921,Poznań,NULL,07-12-2025
CUST00293,Katarzyna,Mazur,katarzyna.mazur292@onet.pl,,Łódź,unknown,07-12-2016
CUST00294,Tomasz,Kaczmarek,tomasz.kaczmarek293@gmail.com,48880416743,Łódź,,02-10-2015
CUST00295,Katarzyna,Kowalski,katarzyna.kowalski294@wp.pl,48814940598,,unknown,
CUST00296,Piotr,Zieliński,piotr.zieliński295@gmail.com,NULL,Wrocław,unknown,31-08-2024
CUST00297,Anna,Kowalski,anna.kowalski296@wp.pl,,Łódź,72,
CUST00298,Jan,Kaczmarek,jan.kaczmarek297@wp.pl,NULL,Wrocław,90,2015-11-30
CUST00299,Tomasz,Nowak,tomasz.nowak298@onet.pl,NULL,NULL,,
CUST00300,Magdalena,Kaczmarek,magdalena.kaczmarek299@example.com,48746066241,Wrocław,65,
CUST00301,Anna,Wójcik,anna.wójcik300@gmail.com,,Warszawa,unknown,25-12-2017
CUST00302,Tomasz,Wójcik,tomasz.wójcik301@wp.pl,,Gdańsk,NULL,2019-02-13
CUST00303,Agnieszka,Kaczmarek,agnieszka.kaczmarek302@onet.pl,48879342404,Gdańsk,,NULL
CUST00304,Tomasz,Wiśniewski,tomasz.wiśniewski303@gmail.com,NULL,Warszawa,unknown,NULL
CUST00305,Piotr,Mazur,piotr.mazur304@onet.pl,NULL,Łódź,,
CUST00306,Magdalena,Nowak,magdalena.nowak305@onet.pl,48854371926,Poznań,72,NULL
CUST00307,Anna,Kaczmarek,anna.kaczmarek306@example.com,,Łódź,81,NULL
CUST00308,Magdalena,Nowak,magdalena.nowak307@gmail.com,NULL,Kraków,,19-06-2025
CUST00309,Magdalena,Mazur,magdalena.mazur308@onet.pl,NULL,Łódź,47,NULL
CUST00310,Tomasz,Wójcik,tomasz.wójcik309@gmail.com,NULL,NULL,40,2019-01-24
CUST00311,Katarzyna,Kaczmarek,katarzyna.kaczmarek310@wp.pl,NULL,Poznań,unknown,10-10-2015
CUST00312,Magdalena,Zieliński,magdalena.zieliński311@wp.pl,48864791156,,,
CUST00313,Katarzyna,Nowak,katarzyna.nowak312@wp.pl,NULL,,NULL,
CUST00314,Piotr,Kowalski,piotr.kowalski313@gmail.com,NULL,Poznań,unknown,
CUST00315,Anna,Wiśniewski,anna.wiśniewski314@example.com,NULL,Kraków,,2019-02-11
CUST00316,Jan,Zieliński,jan.zieliński315@wp.pl,48880160251,Kraków,NULL,NULL
CUST00317,Tomasz,Nowak,tomasz.nowak316@wp.pl,NULL,Łódź,NULL,NULL
CUST00318,Marek,Wiśniewski,marek.wiśniewski317@example.com,,Poznań,NULL,
CUST00319,Agnieszka,Wójcik,agnieszka.wójcik318@example.com,,Warszawa,43,16-06-2021
CUST00320,Tomasz,Wójcik,tomasz.wójcik319@gmail.com,,Gdańsk,NULL,NULL
CUST00321,Jan,Zieliński,jan.zieliński320@onet.pl,48524560577,Warszawa,,2024-08-14
CUST00322,Tomasz,Nowak,tomasz.nowak321@gmail.com,48870409907,Kraków,52,NULL
CUST00323,Agnieszka,Mazur,agnieszka.mazur322@onet.pl,NULL,Kraków,NULL,2019-09-08
CUST00324,Agnieszka,Wiśniewski,agnieszka.wiśniewski323@example.com,,Warszawa,unknown,10-07-2023
CUST00325,Marek,Nowak,marek.nowak324@gmail.com,NULL,Kraków,,
CUST00326,Agnieszka,Mazur,agnieszka.mazur325@example.com,NULL,Poznań,,
CUST00327,Jan,Zieliński,jan.zieliński326@wp.pl,NULL,,,2017-12-30
CUST00328,Tomasz,Kaczmarek,tomasz.kaczmarek327@wp.pl,NULL,Łódź,NULL,
CUST00329,Piotr,Nowak,piotr.nowak328@gmail.com,48526524970,Poznań,44,NULL
CUST00330,Piotr,Kaczmarek,piotr.kaczmarek329@wp.pl,,Warszawa,unknown,
CUST00331,Marek,Wiśniewski,marek.wiśniewski330@gmail.com,48580584540,,,29-02-2024
CUST00332,Marek,Zieliński,marek.zieliński331@wp.pl,NULL,Poznań,50,
CUST00333,Anna,Zieliński,anna.zieliński332@onet.pl,48696833731,Kraków,NULL,
CUST00334,Anna,Zieliński,anna.zieliński333@wp.pl,NULL,Kraków,23,NULL
CUST00335,Jan,Kowalski,jan.kowalski334@wp.pl,48783264681,NULL,,2015-12-20
CUST00336,Piotr,Nowak,piotr.nowak335@example.com,,Wrocław,44,2026-01-27
CUST00337,Magdalena,Kaczmarek,magdalena.kaczmarek336@wp.pl,NULL,,53,17-11-2017
CUST00338,Agnieszka,Mazur,agnieszka.mazur337@wp.pl,,Poznań,NULL,NULL
CUST00339,Agnieszka,Wójcik,agnieszka.wójcik338@wp.pl,NULL,NULL,,
CUST00340,Piotr,Wójcik,piotr.wójcik339@gmail.com,48694425037,Poznań,unknown,
CUST00341,Magdalena,Mazur,magdalena.mazur340@gmail.com,48607807944,Gdańsk,,25-01-2025
CUST00342,Katarzyna,Kaczmarek,katarzyna.kaczmarek341@gmail.com,,Wrocław,45,NULL
CUST00343,Anna,Kowalski,anna.kowalski342@wp.pl,,Kraków,unknown,NULL
CUST00344,Agnieszka,Nowak,agnieszka.nowak343@wp.pl,NULL,Poznań,NULL,02-04-2015
CUST00345,Magdalena,Mazur,magdalena.mazur344@gmail.com,48745285591,Wrocław,46,2018-03-17
CUST00346,Katarzyna,Wójcik,katarzyna.wójcik345@wp.pl,,Wrocław,,08-08-2020
CUST00347,Anna,Zieliński,anna.zieliński346@onet.pl,48580509914,Wrocław,87,2025-08-16
CUST00348,Katarzyna,Kowalski,katarzyna.kowalski347@wp.pl,NULL,Kraków,unknown,
CUST00349,Piotr,Wiśniewski,piotr.wiśniewski348@onet.pl,,Kraków,63,
CUST00350,Katarzyna,Wiśniewski,katarzyna.wiśniewski349@example.com,48798071712,Łódź,unknown,
CUST00351,Jan,Kaczmarek,jan.kaczmarek350@onet.pl,NULL,Kraków,NULL,08-01-2017
CUST00352,Anna,Kaczmarek,anna.kaczmarek351@gmail.com,NULL,Wrocław,49,NULL
CUST00353,Magdalena,Wiśniewski,magdalena.wiśniewski352@wp.pl,NULL,Poznań,,NULL
CUST00354,Jan,Kowalski,jan.kowalski353@onet.pl,NULL,Poznań,36,NULL
CUST00355,Jan,Nowak,jan.nowak354@gmail.com,48582766160,Łódź,72,
CUST00356,Magdalena,Nowak,magdalena.nowak355@example.com,,Łódź,unknown,
CUST00357,Magdalena,Kowalski,magdalena.kowalski356@wp.pl,,Wrocław,NULL,29-09-2021
CUST00358,Tomasz,Wójcik,tomasz.wójcik357@onet.pl,,,85,NULL
CUST00359,Agnieszka,Mazur,agnieszka.mazur358@onet.pl,NULL,,NULL,NULL
CUST00360,Magdalena,Kaczmarek,magdalena.kaczmarek359@gmail.com,,Poznań,,NULL
CUST00361,Piotr,Kowalski,piotr.kowalski360@onet.pl,,Kraków,unknown,
CUST00362,Agnieszka,Kaczmarek,agnieszka.kaczmarek361@onet.pl,,Łódź,,2021-01-08
CUST00363,Magdalena,Mazur,magdalena.mazur362@onet.pl,NULL,Warszawa,38,27-12-2017
CUST00364,Magdalena,Zieliński,magdalena.zieliński363@example.com,48652608149,Łódź,52,2017-07-28
CUST00365,Tomasz,Wójcik,tomasz.wójcik364@wp.pl,48715183725,Gdańsk,60,
CUST00366,Katarzyna,Mazur,katarzyna.mazur365@gmail.com,,,,
CUST00367,Katarzyna,Zieliński,katarzyna.zieliński366@gmail.com,NULL,Gdańsk,,2019-04-20
CUST00368,Magdalena,Wiśniewski,magdalena.wiśniewski367@example.com,NULL,Warszawa,,
CUST00369,Katarzyna,Kowalski,katarzyna.kowalski368@onet.pl,48799331551,Warszawa,,
CUST00370,Jan,Zieliński,jan.zieliński369@onet.pl,48547046280,Gdańsk,unknown,
CUST00371,Agnieszka,Wójcik,agnieszka.wójcik370@example.com,,,unknown,2021-07-26
CUST00372,Anna,Wójcik,anna.wójcik371@wp.pl,48680068798,Kraków,,2018-07-11
CUST00373,Magdalena,Wiśniewski,magdalena.wiśniewski372@wp.pl,48838279367,NULL,NULL,20-11-2019
CUST00374,Piotr,Kaczmarek,piotr.kaczmarek373@example.com,48811170717,Kraków,,23-07-2020
CUST00375,Tomasz,Kowalski,tomasz.kowalski374@wp.pl,NULL,Poznań,unknown,2025-11-10
CUST00376,Jan,Wójcik,jan.wójcik375@onet.pl,NULL,Wrocław,NULL,2021-08-09
CUST00377,Marek,Zieliński,marek.zieliński376@example.com,,Kraków,,2017-02-16
CUST00378,Jan,Kowalski,jan.kowalski377@onet.pl,,Kraków,82,
CUST00379,Agnieszka,Mazur,agnieszka.mazur378@gmail.com,48593078933,Łódź,NULL,25-08-2015
CUST00380,Tomasz,Wójcik,tomasz.wójcik379@wp.pl,NULL,Warszawa,49,NULL
CUST00381,Jan,Kowalski,jan.kowalski380@gmail.com,48675669355,Łódź,,28-01-2021
CUST00382,Agnieszka,Nowak,agnieszka.nowak381@gmail.com,NULL,Kraków,NULL,22-01-2025
CUST00383,Agnieszka,Wójcik,agnieszka.wójcik382@gmail.com,NULL,Wrocław,unknown,2016-07-29
CUST00384,Jan,Kaczmarek,jan.kaczmarek383@wp.pl,48562667512,Łódź,,2021-08-17
CUST00385,Katarzyna,Zieliński,katarzyna.zieliński384@gmail.com,,NULL,NULL,2023-08-27
CUST00386,Marek,Mazur,marek.mazur385@wp.pl,,Warszawa,64,08-11-2015
CUST00387,Jan,Kowalski,jan.kowalski386@wp.pl,,Gdańsk,,2024-09-13
CUST00388,Piotr,Wiśniewski,piotr.wiśniewski387@gmail.com,48667797997,Kraków,89,NULL
CUST00389,Piotr,Wiśniewski,piotr.wiśniewski388@wp.pl,,NULL,NULL,
CUST00390,Jan,Nowak,jan.nowak389@gmail.com,NULL,Kraków,87,2024-06-30
CUST00391,Tomasz,Mazur,tomasz.mazur390@wp.pl,NULL,Łódź,,
CUST00392,Magdalena,Mazur,magdalena.mazur391@gmail.com,NULL,Łódź,32,NULL
CUST00393,Jan,Kowalski,jan.kowalski392@wp.pl,NULL,Kraków,,
CUST00394,Jan,Kaczmarek,jan.kaczmarek393@onet.pl,NULL,Wrocław,49,NULL
CUST00395,Jan,Wójcik,jan.wójcik394@example.com,NULL,Gdańsk,NULL,2022-04-14
CUST00396,Jan,Nowak,jan.nowak395@onet.pl,NULL,Kraków,,
CUST00397,Magdalena,Kaczmarek,magdalena.kaczmarek396@gmail.com,,Poznań,unknown,
CUST00398,Magdalena,Kowalski,magdalena.kowalski397@example.com,,Gdańsk,NULL,NULL
CUST00399,Anna,Wiśniewski,anna.wiśniewski398@onet.pl,NULL,Gdańsk,,
CUST00400,Marek,Wiśniewski,marek.wiśniewski399@wp.pl,,Łódź,unknown,NULL
CUST00401,Piotr,Kowalski,piotr.kowalski400@gmail.com,,Kraków,unknown,05-05-2015
CUST00402,Anna,Wójcik,anna.wójcik401@wp.pl,48588930829,Gdańsk,50,
CUST00403,Jan,Zieliński,jan.zieliński402@wp.pl,,Wrocław,NULL,
CUST00404,Piotr,Kaczmarek,piotr.kaczmarek403@onet.pl,NULL,Poznań,,NULL
CUST00405,Magdalena,Kowalski,magdalena.kowalski404@example.com,48839174804,Kraków,unknown,NULL
CUST00406,Tomasz,Nowak,tomasz.nowak405@example.com,NULL,,unknown,21-01-2018
CUST00407,Jan,Nowak,jan.nowak406@example.com,NULL,Kraków,87,04-11-2024
CUST00408,Tomasz,Wiśniewski,tomasz.wiśniewski407@gmail.com,,Wrocław,NULL,
CUST00409,Katarzyna,Wójcik,katarzyna.wójcik408@onet.pl,,NULL,,2016-08-15
CUST00410,Piotr,Zieliński,piotr.zieliński409@example.com,,Kraków,,
CUST00411,Agnieszka,Kowalski,agnieszka.kowalski410@wp.pl,NULL,Gdańsk,,
CUST00412,Agnieszka,Kaczmarek,agnieszka.kaczmarek411@wp.pl,48603183909,Poznań,,2022-01-21
CUST00413,Magdalena,Mazur,magdalena.mazur412@gmail.com,,Poznań,,2015-12-27
CUST00414,Piotr,Wójcik,piotr.wójcik413@gmail.com,NULL,Kraków,,
CUST00415,Katarzyna,Zieliński,katarzyna.zieliński414@onet.pl,48699510711,Łódź,,
CUST00416,Anna,Wójcik,anna.wójcik415@onet.pl,,Warszawa,NULL,29-07-2021
CUST00417,Agnieszka,Kaczmarek,agnieszka.kaczmarek416@onet.pl,48723990206,Wrocław,,
CUST00418,Agnieszka,Wiśniewski,agnieszka.wiśniewski417@gmail.com,48651580838,Łódź,NULL,2020-10-25
CUST00419,Piotr,Wójcik,piotr.wójcik418@example.com,48506355189,Wrocław,NULL,22-02-2022
CUST00420,Katarzyna,Nowak,katarzyna.nowak419@gmail.com,48841658475,Gdańsk,75,
CUST00421,Jan,Wójcik,jan.wójcik420@example.com,,Warszawa,,NULL
CUST00422,Marek,Kowalski,marek.kowalski421@onet.pl,,Wrocław,44,2022-06-05
CUST00423,Katarzyna,Mazur,katarzyna.mazur422@onet.pl,NULL,Wrocław,,NULL
CUST00424,Marek,Mazur,marek.mazur423@example.com,NULL,Gdańsk,NULL,2019-09-23
CUST00425,Magdalena,Kowalski,magdalena.kowalski424@example.com,48691462216,Łódź,89,06-09-2015
CUST00426,Magdalena,Wójcik,magdalena.wójcik425@example.com,NULL,Warszawa,,2020-12-15
CUST00427,Jan,Wiśniewski,jan.wiśniewski426@wp.pl,NULL,Łódź,NULL,2018-12-01
CUST00428,Anna,Nowak,anna.nowak427@example.com,48533641565,,,2024-07-25
CUST00429,Piotr,Wójcik,piotr.wójcik428@onet.pl,48775162974,Gdańsk,,NULL
CUST00430,Anna,Wiśniewski,anna.wiśniewski429@onet.pl,NULL,Wrocław,18,
CUST00431,Katarzyna,Kowalski,katarzyna.kowalski430@wp.pl,,,39,2021-08-21
CUST00432,Jan,Zieliński,jan.zieliński431@gmail.com,48720292798,Poznań,45,30-11-2022
CUST00433,Agnieszka,Zieliński,agnieszka.zieliński432@onet.pl,48879223638,Warszawa,unknown,NULL
CUST00434,Katarzyna,Wójcik,katarzyna.wójcik433@onet.pl,,Wrocław,unknown,2016-06-01
CUST00435,Anna,Zieliński,anna.zieliński434@example.com,,Gdańsk,90,2017-01-14
CUST00436,Agnieszka,Kowalski,agnieszka.kowalski435@example.com,NULL,Wrocław,49,2017-11-21
CUST00437,Agnieszka,Mazur,agnieszka.mazur436@wp.pl,48669387755,,,NULL
CUST00438,Marek,Nowak,marek.nowak437@example.com,48687997843,,unknown,NULL
CUST00439,Tomasz,Nowak,tomasz.nowak438@gmail.com,48642783175,,60,
CUST00440,Katarzyna,Kowalski,katarzyna.kowalski439@onet.pl,48822184091,Gdańsk,,25-11-2022
CUST00441,Tomasz,Mazur,tomasz.mazur440@gmail.com,,Gdańsk,,NULL
CUST00442,Anna,Kaczmarek,anna.kaczmarek441@wp.pl,48689176724,Wrocław,NULL,2016-12-16
CUST00443,Magdalena,Kaczmarek,magdalena.kaczmarek442@example.com,48762439958,Poznań,33,2023-06-15
CUST00444,Katarzyna,Kaczmarek,katarzyna.kaczmarek443@wp.pl,,Gdańsk,74,08-10-2025
CUST00445,Jan,Kowalski,jan.kowalski444@onet.pl,48616110704,Gdańsk,68,22-05-2019
CUST00446,Piotr,Zieliński,piotr.zieliński445@wp.pl,,NULL,unknown,2023-07-03
CUST00447,Agnieszka,Kowalski,agnieszka.kowalski446@gmail.com,NULL,Poznań,,2017-09-19
CUST00448,Marek,Kaczmarek,marek.kaczmarek447@example.com,,,unknown,
CUST00449,Tomasz,Zieliński,tomasz.zieliński448@gmail.com,,Warszawa,unknown,NULL
CUST00450,Tomasz,Kowalski,tomasz.kowalski449@example.com,,,46,2019-07-15
CUST00451,Marek,Wiśniewski,marek.wiśniewski450@wp.pl,48619154155,Łódź,,NULL
CUST00452,Marek,Nowak,marek.nowak451@example.com,,Gdańsk,,
CUST00453,Katarzyna,Kowalski,katarzyna.kowalski452@gmail.com,48664538318,NULL,,
CUST00454,Tomasz,Nowak,tomasz.nowak453@example.com,NULL,NULL,,2024-06-30
CUST00455,Anna,Kowalski,anna.kowalski454@gmail.com,NULL,Łódź,,2020-08-29
CUST00456,Agnieszka,Nowak,agnieszka.nowak455@wp.pl,,NULL,NULL,2024-04-02
CUST00457,Agnieszka,Wiśniewski,agnieszka.wiśniewski456@gmail.com,NULL,Warszawa,unknown,29-01-2017
CUST00458,Agnieszka,Kowalski,agnieszka.kowalski457@wp.pl,NULL,NULL,unknown,
CUST00459,Jan,Kowalski,jan.kowalski458@example.com,,Kraków,26,NULL
CUST00460,Anna,Kaczmarek,anna.kaczmarek459@wp.pl,NULL,Łódź,unknown,2016-09-27
CUST00461,Piotr,Wójcik,piotr.wójcik460@example.com,NULL,,NULL,
CUST00462,Agnieszka,Wójcik,agnieszka.wójcik461@onet.pl,,NULL,50,02-02-2020
CUST00463,Anna,Kowalski,anna.kowalski462@example.com,48549249918,Gdańsk,NULL,NULL
CUST00464,Jan,Wójcik,jan.wójcik463@gmail.com,NULL,Wrocław,68,NULL
CUST00465,Marek,Zieliński,marek.zieliński464@example.com,48574511646,,,25-05-2022
CUST00466,Tomasz,Nowak,tomasz.nowak465@onet.pl,,Poznań,42,
CUST00467,Katarzyna,Wiśniewski,katarzyna.wiśniewski466@example.com,,Wrocław,unknown,NULL
CUST00468,Jan,Kaczmarek,jan.kaczmarek467@example.com,,Wrocław,,2016-05-14
CUST00469,Katarzyna,Nowak,katarzyna.nowak468@example.com,48869972723,Warszawa,,2024-12-25
CUST00470,Marek,Kowalski,marek.kowalski469@onet.pl,48550524350,Kraków,NULL,04-06-2017
CUST00471,Agnieszka,Zieliński,agnieszka.zieliński470@wp.pl,48773555046,NULL,48,16-02-2022
CUST00472,Piotr,Wiśniewski,piotr.wiśniewski471@example.com,48613959955,Kraków,89,2017-07-21
CUST00473,Agnieszka,Wiśniewski,agnieszka.wiśniewski472@example.com,48877249592,Poznań,unknown,30-04-2022
CUST00474,Piotr,Kowalski,piotr.kowalski473@onet.pl,48510371238,Warszawa,35,2015-09-23
CUST00475,Agnieszka,Nowak,agnieszka.nowak474@example.com,NULL,Wrocław,,2019-12-05
CUST00476,Anna,Mazur,anna.mazur475@gmail.com,NULL,Gdańsk,NULL,NULL
CUST00477,Marek,Kaczmarek,marek.kaczmarek476@gmail.com,NULL,Łódź,unknown,
CUST00478,Tomasz,Kaczmarek,tomasz.kaczmarek477@gmail.com,,,,NULL
CUST00479,Magdalena,Kaczmarek,magdalena.kaczmarek478@example.com,,Warszawa,71,11-01-2023
CUST00480,Katarzyna,Kowalski,katarzyna.kowalski479@example.com,NULL,,NULL,2016-09-11
CUST00481,Magdalena,Wójcik,magdalena.wójcik480@wp.pl,NULL,Łódź,NULL,2020-06-30
CUST00482,Jan,Kowalski,jan.kowalski481@onet.pl,,Kraków,NULL,NULL
CUST00483,Agnieszka,Wójcik,agnieszka.wójcik482@example.com,48707836053,,NULL,
CUST00484,Magdalena,Kaczmarek,magdalena.kaczmarek483@example.com,48517474064,NULL,unknown,2017-05-01
CUST00485,Katarzyna,Wiśniewski,katarzyna.wiśniewski484@example.com,NULL,Wrocław,,NULL
CUST00486,Anna,Kowalski,anna.kowalski485@onet.pl,NULL,Gdańsk,89,NULL
CUST00487,Anna,Zieliński,anna.zieliński486@gmail.com,NULL,Kraków,NULL,19-04-2021
CUST00488,Anna,Zieliński,anna.zieliński487@onet.pl,,Poznań,59,
CUST00489,Piotr,Kowalski,piotr.kowalski488@onet.pl,NULL,NULL,23,2022-04-19
CUST00490,Agnieszka,Nowak,agnieszka.nowak489@gmail.com,,Łódź,33,27-08-2025
CUST00491,Piotr,Nowak,piotr.nowak490@onet.pl,48671604042,Gdańsk,unknown,05-12-2015
CUST00492,Piotr,Wiśniewski,piotr.wiśniewski491@onet.pl,,,90,2024-08-24
CUST00493,Tomasz,Kaczmarek,tomasz.kaczmarek492@wp.pl,48868338375,Wrocław,,23-04-2024
CUST00494,Marek,Wiśniewski,marek.wiśniewski493@wp.pl,NULL,Kraków,90,
CUST00495,Agnieszka,Zieliński,agnieszka.zieliński494@onet.pl,NULL,,40,12-02-2023
CUST00496,Katarzyna,Nowak,katarzyna.nowak495@example.com,,,,02-02-2017
CUST00497,Jan,Mazur,jan.mazur496@onet.pl,48740981495,Poznań,,27-11-2024
CUST00498,Anna,Nowak,anna.nowak497@gmail.com,,Warszawa,26,
CUST00499,Jan,Kowalski,jan.kowalski498@onet.pl,48560765824,,unknown,14-05-2023
CUST00500,Katarzyna,Nowak,katarzyna.nowak499@gmail.com,48630422005,Łódź,,NULL
CUST00501,Tomasz,Kowalski,tomasz.kowalski500@onet.pl,NULL,Łódź,NULL,15-09-2021
CUST00502,Agnieszka,Zieliński,agnieszka.zieliński501@example.com,NULL,,NULL,NULL
CUST00503,Piotr,Mazur,piotr.mazur502@example.com,NULL,Warszawa,,
CUST00504,Katarzyna,Nowak,katarzyna.nowak503@wp.pl,48710523232,Warszawa,,18-07-2019
CUST00505,Agnieszka,Kaczmarek,agnieszka.kaczmarek504@wp.pl,,Poznań,unknown,NULL
CUST00506,Marek,Nowak,marek.nowak505@onet.pl,,Warszawa,,15-11-2019
CUST00507,Agnieszka,Mazur,agnieszka.mazur506@example.com,48505164669,Łódź,,
CUST00508,Agnieszka,Mazur,agnieszka.mazur507@onet.pl,NULL,Kraków,NULL,17-06-2019
CUST00509,Katarzyna,Zieliński,katarzyna.zieliński508@onet.pl,48708731274,Kraków,29,
CUST00510,Agnieszka,Kaczmarek,agnieszka.kaczmarek509@example.com,NULL,Gdańsk,NULL,NULL
CUST00511,Agnieszka,Wójcik,agnieszka.wójcik510@gmail.com,48576671052,Kraków,NULL,24-05-2016
CUST00512,Piotr,Zieliński,piotr.zieliński511@gmail.com,,Warszawa,NULL,2019-07-16
CUST00513,Jan,Wiśniewski,jan.wiśniewski512@wp.pl,48894244029,Kraków,64,
CUST00514,Anna,Nowak,anna.nowak513@gmail.com,48766227490,Kraków,62,NULL
CUST00515,Anna,Kowalski,anna.kowalski514@gmail.com,,NULL,unknown,04-06-2025
CUST00516,Tomasz,Nowak,tomasz.nowak515@gmail.com,,,74,NULL
CUST00517,Piotr,Kaczmarek,piotr.kaczmarek516@wp.pl,48826182933,Łódź,unknown,18-02-2016
CUST00518,Agnieszka,Zieliński,agnieszka.zieliński517@wp.pl,,NULL,,NULL
CUST00519,Piotr,Mazur,piotr.mazur518@onet.pl,,Poznań,unknown,21-01-2021
CUST00520,Piotr,Wiśniewski,piotr.wiśniewski519@gmail.com,NULL,NULL,unknown,NULL
CUST00521,Magdalena,Nowak,magdalena.nowak520@gmail.com,NULL,Poznań,unknown,2015-06-07
CUST00522,Katarzyna,Wójcik,katarzyna.wójcik521@gmail.com,NULL,,NULL,2025-06-06
CUST00523,Agnieszka,Wiśniewski,agnieszka.wiśniewski522@gmail.com,NULL,Warszawa,NULL,NULL
CUST00524,Jan,Mazur,jan.mazur523@gmail.com,48813194304,Warszawa,86,2017-11-06
CUST00525,Marek,Kaczmarek,marek.kaczmarek524@example.com,,NULL,,NULL
CUST00526,Katarzyna,Wójcik,katarzyna.wójcik525@onet.pl,,,72,NULL
CUST00527,Magdalena,Kowalski,magdalena.kowalski526@gmail.com,NULL,Warszawa,NULL,
CUST00528,Marek,Kowalski,marek.kowalski527@onet.pl,NULL,Warszawa,unknown,2025-04-16
CUST00529,Agnieszka,Wiśniewski,agnieszka.wiśniewski528@example.com,48790963036,Poznań,51,02-02-2023
CUST00530,Jan,Wiśniewski,jan.wiśniewski529@example.com,NULL,Poznań,69,
CUST00531,Agnieszka,Wiśniewski,agnieszka.wiśniewski530@example.com,NULL,Warszawa,35,NULL
CUST00532,Anna,Mazur,anna.mazur531@wp.pl,NULL,Warszawa,unknown,NULL
CUST00533,Jan,Zieliński,jan.zieliński532@example.com,,Poznań,NULL,
CUST00534,Tomasz,Nowak,tomasz.nowak533@wp.pl,NULL,NULL,NULL,
CUST00535,Piotr,Mazur,piotr.mazur534@onet.pl,,Gdańsk,unknown,NULL
CUST00536,Jan,Kaczmarek,jan.kaczmarek535@onet.pl,,Kraków,30,NULL
CUST00537,Agnieszka,Kowalski,agnieszka.kowalski536@example.com,48610531596,Warszawa,,02-12-2021
CUST00538,Tomasz,Wiśniewski,tomasz.wiśniewski537@onet.pl,48875388644,NULL,85,
CUST00539,Marek,Wójcik,marek.wójcik538@gmail.com,NULL,Wrocław,35,NULL
CUST00540,Jan,Wójcik,jan.wójcik539@example.com,NULL,Łódź,unknown,NULL
CUST00541,Katarzyna,Wiśniewski,katarzyna.wiśniewski540@example.com,NULL,Wrocław,,NULL
CUST00542,Tomasz,Wójcik,tomasz.wójcik541@onet.pl,NULL,Kraków,NULL,NULL
CUST00543,Marek,Kowalski,marek.kowalski542@gmail.com,48745198855,,32,2020-09-15
CUST00544,Magdalena,Wójcik,magdalena.wójcik543@gmail.com,NULL,Warszawa,30,14-03-2015
CUST00545,Marek,Kaczmarek,marek.kaczmarek544@wp.pl,,Łódź,NULL,
CUST00546,Piotr,Mazur,piotr.mazur545@wp.pl,NULL,Kraków,NULL,26-08-2020
CUST00547,Agnieszka,Mazur,agnieszka.mazur546@wp.pl,48868733441,Kraków,NULL,
CUST00548,Piotr,Mazur,piotr.mazur547@wp.pl,NULL,Warszawa,unknown,2025-12-21
CUST00549,Tomasz,Nowak,tomasz.nowak548@onet.pl,48804476162,NULL,NULL,
CUST00550,Magdalena,Nowak,magdalena.nowak549@onet.pl,48661832471,Kraków,unknown,NULL
CUST00551,Tomasz,Wiśniewski,tomasz.wiśniewski550@gmail.com,NULL,Łódź,85,
CUST00552,Magdalena,Nowak,magdalena.nowak551@gmail.com,48808168236,Warszawa,unknown,NULL
CUST00553,Piotr,Zieliński,piotr.zieliński552@example.com,48539990705,NULL,64,NULL
CUST00554,Piotr,Nowak,piotr.nowak553@gmail.com,48725018817,Kraków,25,NULL
CUST00555,Katarzyna,Zieliński,katarzyna.zieliński554@example.com,48638460356,Gdańsk,unknown,NULL
CUST00556,Anna,Wójcik,anna.wójcik555@onet.pl,48877910612,Wrocław,unknown,
CUST00557,Katarzyna,Wiśniewski,katarzyna.wiśniewski556@example.com,NULL,Poznań,,06-05-2019
CUST00558,Marek,Kowalski,marek.kowalski557@example.com,,Gdańsk,81,
CUST00559,Jan,Kaczmarek,jan.kaczmarek558@wp.pl,48853883812,Poznań,50,NULL
CUST00560,Anna,Zieliński,anna.zieliński559@example.com,NULL,Gdańsk,unknown,2021-02-25
CUST00561,Marek,Wiśniewski,marek.wiśniewski560@wp.pl,,Kraków,,
CUST00562,Piotr,Mazur,piotr.mazur561@wp.pl,48885738050,Gdańsk,,2020-08-19
CUST00563,Katarzyna,Kaczmarek,katarzyna.kaczmarek562@gmail.com,,Wrocław,unknown,2016-06-11
CUST00564,Marek,Mazur,marek.mazur563@wp.pl,NULL,NULL,unknown,NULL
CUST00565,Magdalena,Zieliński,magdalena.zieliński564@wp.pl,,Poznań,NULL,02-02-2018
CUST00566,Jan,Kowalski,jan.kowalski565@gmail.com,NULL,Łódź,NULL,NULL
CUST00567,Piotr,Mazur,piotr.mazur566@example.com,,,NULL,NULL
CUST00568,Tomasz,Wójcik,tomasz.wójcik567@wp.pl,NULL,Kraków,,NULL
CUST00569,Tomasz,Kaczmarek,tomasz.kaczmarek568@gmail.com,48759575724,Poznań,26,
CUST00570,Tomasz,Wójcik,tomasz.wójcik569@gmail.com,NULL,,43,NULL
CUST00571,Agnieszka,Wójcik,agnieszka.wójcik570@onet.pl,NULL,,19,
CUST00572,Katarzyna,Zieliński,katarzyna.zieliński571@gmail.com,,Wrocław,unknown,NULL
CUST00573,Marek,Kaczmarek,marek.kaczmarek572@wp.pl,,Łódź,,NULL
CUST00574,Tomasz,Wiśniewski,tomasz.wiśniewski573@wp.pl,NULL,Gdańsk,unknown,2021-02-19
CUST00575,Tomasz,Kowalski,tomasz.kowalski574@example.com,48537379495,Gdańsk,unknown,16-12-2016
CUST00576,Piotr,Kaczmarek,piotr.kaczmarek575@example.com,,NULL,NULL,2022-01-17
CUST00577,Jan,Nowak,jan.nowak576@onet.pl,,Kraków,NULL,06-08-2025
CUST00578,Tomasz,Wiśniewski,tomasz.wiśniewski577@wp.pl,,Warszawa,,NULL
CUST00579,Katarzyna,Zieliński,katarzyna.zieliński578@example.com,,NULL,unknown,2018-06-20
CUST00580,Agnieszka,Wiśniewski,agnieszka.wiśniewski579@gmail.com,48861670656,Wrocław,,2021-01-26
CUST00581,Magdalena,Wójcik,magdalena.wójcik580@onet.pl,48780191855,NULL,unknown,NULL
CUST00582,Katarzyna,Kaczmarek,katarzyna.kaczmarek581@wp.pl,48549622267,NULL,68,2025-08-08
CUST00583,Tomasz,Nowak,tomasz.nowak582@gmail.com,NULL,,19,
CUST00584,Marek,Nowak,marek.nowak583@onet.pl,,Wrocław,,NULL
CUST00585,Jan,Kaczmarek,jan.kaczmarek584@gmail.com,48758728611,Wrocław,unknown,2018-12-11
CUST00586,Katarzyna,Zieliński,katarzyna.zieliński585@wp.pl,48599902927,,,2020-09-29
CUST00587,Piotr,Wiśniewski,piotr.wiśniewski586@gmail.com,NULL,Wrocław,34,NULL
CUST00588,Jan,Wiśniewski,jan.wiśniewski587@onet.pl,48660085493,Warszawa,NULL,2017-10-21
CUST00589,Marek,Zieliński,marek.zieliński588@example.com,NULL,Poznań,unknown,
CUST00590,Tomasz,Mazur,tomasz.mazur589@example.com,,Warszawa,63,01-12-2021
CUST00591,Katarzyna,Mazur,katarzyna.mazur590@onet.pl,48504572406,Kraków,unknown,2018-10-02
CUST00592,Katarzyna,Wójcik,katarzyna.wójcik591@wp.pl,NULL,NULL,unknown,2016-07-17
CUST00593,Anna,Kowalski,anna.kowalski592@gmail.com,48612835336,Poznań,45,05-05-2015
CUST00594,Katarzyna,Nowak,katarzyna.nowak593@onet.pl,,Warszawa,84,
CUST00595,Anna,Kowalski,anna.kowalski594@onet.pl,48658606650,Warszawa,unknown,NULL
CUST00596,Katarzyna,Nowak,katarzyna.nowak595@onet.pl,48571497354,Gdańsk,NULL,
CUST00597,Anna,Mazur,anna.mazur596@onet.pl,,,26,2023-08-08
CUST00598,Anna,Wójcik,anna.wójcik597@wp.pl,,Kraków,,
CUST00599,Jan,Kowalski,jan.kowalski598@onet.pl,,Wrocław,88,
CUST00600,Magdalena,Wiśniewski,magdalena.wiśniewski599@wp.pl,,Kraków,,2017-04-12
CUST00601,Anna,Wójcik,anna.wójcik600@onet.pl,,Łódź,NULL,2023-04-20
CUST00602,Katarzyna,Wójcik,katarzyna.wójcik601@example.com,,Poznań,,
CUST00603,Magdalena,Kaczmarek,magdalena.kaczmarek602@wp.pl,48860241123,,45,2021-07-03
CUST00604,Piotr,Mazur,piotr.mazur603@gmail.com,,Gdańsk,36,NULL
CUST00605,Jan,Nowak,jan.nowak604@wp.pl,48527690857,Warszawa,39,NULL
CUST00606,Jan,Wójcik,jan.wójcik605@gmail.com,NULL,Łódź,,2020-06-16
CUST00607,Marek,Kaczmarek,marek.kaczmarek606@onet.pl,48650985209,Poznań,NULL,NULL
CUST00608,Katarzyna,Kowalski,katarzyna.kowalski607@example.com,48740985107,NULL,,2019-03-18
CUST00609,Agnieszka,Mazur,agnieszka.mazur608@example.com,NULL,Warszawa,NULL,24-10-2022
CUST00610,Anna,Kowalski,anna.kowalski609@example.com,NULL,Wrocław,,NULL
CUST00611,Piotr,Kaczmarek,piotr.kaczmarek610@wp.pl,48701804441,Warszawa,26,NULL
CUST00612,Anna,Nowak,anna.nowak611@example.com,48823873801,,,22-02-2016
CUST00613,Anna,Zieliński,anna.zieliński612@gmail.com,48521621654,NULL,,14-04-2017
CUST00614,Tomasz,Zieliński,tomasz.zieliński613@gmail.com,NULL,Wrocław,23,NULL
CUST00615,Magdalena,Kowalski,magdalena.kowalski614@onet.pl,NULL,,,NULL
CUST00616,Anna,Wiśniewski,anna.wiśniewski615@wp.pl,NULL,NULL,18,
CUST00617,Anna,Kowalski,anna.kowalski616@gmail.com,48810328551,NULL,unknown,2015-10-08
CUST00618,Magdalena,Mazur,magdalena.mazur617@example.com,NULL,NULL,51,2024-12-10
CUST00619,Piotr,Kowalski,piotr.kowalski618@onet.pl,,NULL,NULL,NULL
CUST00620,Magdalena,Nowak,magdalena.nowak619@wp.pl,NULL,Łódź,,NULL
CUST00621,Jan,Kaczmarek,jan.kaczmarek620@gmail.com,48893773430,Warszawa,,2020-04-03
CUST00622,Marek,Zieliński,marek.zieliński621@wp.pl,,Łódź,,30-06-2022
CUST00623,Magdalena,Zieliński,magdalena.zieliński622@gmail.com,48643763896,,64,NULL
CUST00624,Magdalena,Kowalski,magdalena.kowalski623@onet.pl,,NULL,unknown,13-04-2022
CUST00625,Jan,Wiśniewski,jan.wiśniewski624@example.com,48512230529,Gdańsk,,NULL
CUST00626,Tomasz,Mazur,tomasz.mazur625@wp.pl,NULL,,,06-10-2024
CUST00627,Piotr,Mazur,piotr.mazur626@example.com,,Poznań,,30-03-2017
CUST00628,Jan,Wójcik,jan.wójcik627@example.com,NULL,Poznań,unknown,10-08-2019
CUST00629,Marek,Kaczmarek,marek.kaczmarek628@gmail.com,NULL,Łódź,42,NULL
CUST00630,Marek,Kowalski,marek.kowalski629@gmail.com,48652825277,Gdańsk,39,2023-02-02
CUST00631,Marek,Kowalski,marek.kowalski630@wp.pl,NULL,Poznań,NULL,
CUST00632,Katarzyna,Mazur,katarzyna.mazur631@gmail.com,NULL,Warszawa,unknown,2021-07-23
CUST00633,Anna,Kowalski,anna.kowalski632@onet.pl,48643652169,Łódź,unknown,
CUST00634,Magdalena,Kaczmarek,magdalena.kaczmarek633@gmail.com,,Poznań,unknown,
CUST00635,Katarzyna,Mazur,katarzyna.mazur634@example.com,48791493667,Kraków,,
CUST00636,Katarzyna,Zieliński,katarzyna.zieliński635@example.com,NULL,Kraków,NULL,
CUST00637,Magdalena,Kaczmarek,magdalena.kaczmarek636@onet.pl,NULL,Wrocław,NULL,NULL
CUST00638,Agnieszka,Kowalski,agnieszka.kowalski637@onet.pl,48850940607,Gdańsk,unknown,
CUST00639,Magdalena,Zieliński,magdalena.zieliński638@example.com,48675149355,,39,
CUST00640,Katarzyna,Zieliński,katarzyna.zieliński639@gmail.com,48792629210,Gdańsk,,NULL
CUST00641,Anna,Zieliński,anna.zieliński640@gmail.com,,Gdańsk,unknown,
CUST00642,Tomasz,Kowalski,tomasz.kowalski641@example.com,NULL,NULL,32,2019-05-15
CUST00643,Anna,Wiśniewski,anna.wiśniewski642@wp.pl,48688302851,Warszawa,NULL,2017-06-20
CUST00644,Agnieszka,Wiśniewski,agnieszka.wiśniewski643@wp.pl,48580370204,Poznań,19,11-02-2018
CUST00645,Magdalena,Zieliński,magdalena.zieliński644@onet.pl,48763768480,Kraków,,
CUST00646,Marek,Wiśniewski,marek.wiśniewski645@wp.pl,,Kraków,NULL,14-07-2017
CUST00647,Katarzyna,Wiśniewski,katarzyna.wiśniewski646@onet.pl,,Warszawa,72,23-12-2022
CUST00648,Katarzyna,Nowak,katarzyna.nowak647@example.com,NULL,Poznań,,
CUST00649,Magdalena,Kaczmarek,magdalena.kaczmarek648@onet.pl,48544970489,Poznań,,2023-06-25
CUST00650,Marek,Kaczmarek,marek.kaczmarek649@wp.pl,NULL,Łódź,NULL,2025-10-19
CUST00651,Katarzyna,Kaczmarek,katarzyna.kaczmarek650@example.com,,NULL,NULL,14-03-2025
CUST00652,Tomasz,Kaczmarek,tomasz.kaczmarek651@gmail.com,48826769114,NULL,,NULL
CUST00653,Jan,Kowalski,jan.kowalski652@gmail.com,,Poznań,unknown,
CUST00654,Magdalena,Nowak,magdalena.nowak653@example.com,48607497951,NULL,29,NULL
CUST00655,Jan,Zieliński,jan.zieliński654@onet.pl,NULL,Łódź,,15-07-2015
CUST00656,Jan,Kaczmarek,jan.kaczmarek655@wp.pl,48809354444,,unknown,29-01-2016
CUST00657,Magdalena,Mazur,magdalena.mazur656@example.com,48607030229,Kraków,26,NULL
CUST00658,Agnieszka,Kaczmarek,agnieszka.kaczmarek657@gmail.com,48869399068,Kraków,56,NULL
CUST00659,Anna,Wójcik,anna.wójcik658@example.com,NULL,,,
CUST00660,Magdalena,Zieliński,magdalena.zieliński659@wp.pl,48531435529,Łódź,58,NULL
CUST00661,Agnieszka,Nowak,agnieszka.nowak660@onet.pl,NULL,Kraków,NULL,NULL
CUST00662,Agnieszka,Nowak,agnieszka.nowak661@gmail.com,,Wrocław,NULL,08-11-2022
CUST00663,Katarzyna,Wójcik,katarzyna.wójcik662@onet.pl,,Gdańsk,,
CUST00664,Anna,Nowak,anna.nowak663@wp.pl,48776784502,Łódź,NULL,
CUST00665,Marek,Mazur,marek.mazur664@onet.pl,48887741034,NULL,21,
CUST00666,Marek,Mazur,marek.mazur665@example.com,48704126028,Wrocław,unknown,NULL
CUST00667,Marek,Kowalski,marek.kowalski666@wp.pl,48839427001,Gdańsk,,04-02-2017
CUST00668,Katarzyna,Kowalski,katarzyna.kowalski667@onet.pl,,Kraków,unknown,2021-09-18
CUST00669,Anna,Nowak,anna.nowak668@onet.pl,48540648410,Łódź,unknown,2020-09-12
CUST00670,Marek,Mazur,marek.mazur669@onet.pl,,NULL,77,
CUST00671,Agnieszka,Kaczmarek,agnieszka.kaczmarek670@example.com,NULL,,NULL,25-05-2017
CUST00672,Jan,Wiśniewski,jan.wiśniewski671@gmail.com,,NULL,unknown,28-03-2015
CUST00673,Magdalena,Kaczmarek,magdalena.kaczmarek672@wp.pl,NULL,Wrocław,75,
CUST00674,Jan,Kaczmarek,jan.kaczmarek673@gmail.com,48849080417,Łódź,NULL,2019-06-21
CUST00675,Tomasz,Kaczmarek,tomasz.kaczmarek674@gmail.com,,NULL,unknown,04-09-2023
CUST00676,Agnieszka,Wójcik,agnieszka.wójcik675@gmail.com,48576463902,Kraków,75,2024-12-08
CUST00677,Piotr,Wiśniewski,piotr.wiśniewski676@example.com,,Łódź,,2020-04-27
CUST00678,Agnieszka,Wójcik,agnieszka.wójcik677@gmail.com,NULL,Łódź,NULL,27-11-2024
CUST00679,Piotr,Wójcik,piotr.wójcik678@wp.pl,NULL,Poznań,unknown,NULL
CUST00680,Piotr,Kaczmarek,piotr.kaczmarek679@gmail.com,NULL,Wrocław,,NULL
CUST00681,Agnieszka,Wiśniewski,agnieszka.wiśniewski680@onet.pl,48736075304,Łódź,73,
CUST00682,Jan,Wiśniewski,jan.wiśniewski681@onet.pl,,,52,NULL
CUST00683,Jan,Nowak,jan.nowak682@onet.pl,NULL,,unknown,
CUST00684,Agnieszka,Kaczmarek,agnieszka.kaczmarek683@onet.pl,NULL,Kraków,28,
CUST00685,Tomasz,Kowalski,tomasz.kowalski684@example.com,NULL,Gdańsk,unknown,
CUST00686,Katarzyna,Nowak,katarzyna.nowak685@example.com,,Warszawa,,2021-06-21
CUST00687,Jan,Kaczmarek,jan.kaczmarek686@gmail.com,NULL,Wrocław,31,27-04-2022
CUST00688,Piotr,Nowak,piotr.nowak687@onet.pl,48512474626,Wrocław,29,16-12-2024
CUST00689,Agnieszka,Zieliński,agnieszka.zieliński688@gmail.com,48618550251,Poznań,,2016-07-30
CUST00690,Katarzyna,Nowak,katarzyna.nowak689@gmail.com,48652115815,,NULL,
CUST00691,Jan,Nowak,jan.nowak690@onet.pl,NULL,Łódź,unknown,24-11-2016
CUST00692,Magdalena,Kaczmarek,magdalena.kaczmarek691@wp.pl,NULL,Wrocław,NULL,NULL
CUST00693,Katarzyna,Nowak,katarzyna.nowak692@example.com,48613543079,Łódź,unknown,19-10-2016
CUST00694,Tomasz,Zieliński,tomasz.zieliński693@example.com,,Łódź,unknown,25-07-2017
CUST00695,Jan,Wiśniewski,jan.wiśniewski694@example.com,48689614082,Kraków,NULL,2019-12-09
CUST00696,Magdalena,Kaczmarek,magdalena.kaczmarek695@wp.pl,,Gdańsk,unknown,NULL
CUST00697,Agnieszka,Wójcik,agnieszka.wójcik696@example.com,NULL,Gdańsk,NULL,2017-03-14
CUST00698,Anna,Wójcik,anna.wójcik697@example.com,48689342665,Łódź,NULL,25-10-2017
CUST00699,Katarzyna,Kowalski,katarzyna.kowalski698@onet.pl,NULL,Wrocław,,2018-02-27
CUST00700,Agnieszka,Zieliński,agnieszka.zieliński699@wp.pl,,Kraków,,
CUST00701,Piotr,Kowalski,piotr.kowalski700@wp.pl,NULL,Warszawa,unknown,2025-04-12
CUST00702,Anna,Wiśniewski,anna.wiśniewski701@example.com,NULL,NULL,36,NULL
CUST00703,Tomasz,Wójcik,tomasz.wójcik702@example.com,NULL,Gdańsk,unknown,NULL
CUST00704,Piotr,Kaczmarek,piotr.kaczmarek703@onet.pl,NULL,Poznań,unknown,
CUST00705,Katarzyna,Wiśniewski,katarzyna.wiśniewski704@gmail.com,48632405782,,NULL,2015-03-24
CUST00706,Tomasz,Wójcik,tomasz.wójcik705@example.com,48841315489,Poznań,NULL,03-04-2023
CUST00707,Agnieszka,Kaczmarek,agnieszka.kaczmarek706@wp.pl,48733044194,Poznań,,08-02-2024
CUST00708,Katarzyna,Zieliński,katarzyna.zieliński707@example.com,48606141039,Wrocław,46,
CUST00709,Katarzyna,Nowak,katarzyna.nowak708@example.com,,Poznań,unknown,15-04-2024
CUST00710,Piotr,Zieliński,piotr.zieliński709@example.com,NULL,Gdańsk,NULL,NULL
CUST00711,Marek,Mazur,marek.mazur710@onet.pl,,Poznań,,2023-08-11
CUST00712,Piotr,Wójcik,piotr.wójcik711@onet.pl,48680933982,NULL,,24-07-2021
CUST00713,Agnieszka,Wójcik,agnieszka.wójcik712@gmail.com,48739208686,NULL,,
CUST00714,Anna,Zieliński,anna.zieliński713@wp.pl,,NULL,unknown,2016-07-15
CUST00715,Marek,Kaczmarek,marek.kaczmarek714@wp.pl,,Gdańsk,NULL,2021-04-01
CUST00716,Anna,Kowalski,anna.kowalski715@gmail.com,48719559364,NULL,,NULL
CUST00717,Marek,Wójcik,marek.wójcik716@gmail.com,NULL,,NULL,24-04-2023
CUST00718,Jan,Kowalski,jan.kowalski717@example.com,,Kraków,,2022-08-20
CUST00719,Piotr,Wójcik,piotr.wójcik718@gmail.com,NULL,Gdańsk,68,2019-08-29
CUST00720,Magdalena,Nowak,magdalena.nowak719@gmail.com,48681518108,Poznań,79,30-06-2016
CUST00721,Jan,Nowak,jan.nowak720@example.com,NULL,Poznań,unknown,NULL
CUST00722,Marek,Mazur,marek.mazur721@gmail.com,,Wrocław,unknown,NULL
CUST00723,Piotr,Kaczmarek,piotr.kaczmarek722@gmail.com,48747160183,Łódź,61,NULL
CUST00724,Katarzyna,Wiśniewski,katarzyna.wiśniewski723@wp.pl,,Poznań,NULL,08-01-2018
CUST00725,Tomasz,Wiśniewski,tomasz.wiśniewski724@wp.pl,48740677517,Kraków,,2021-10-03
CUST00726,Marek,Mazur,marek.mazur725@wp.pl,48645170977,Łódź,NULL,
CUST00727,Anna,Kowalski,anna.kowalski726@example.com,48650064191,,23,15-11-2019
CUST00728,Piotr,Nowak,piotr.nowak727@gmail.com,NULL,,unknown,04-04-2020
CUST00729,Anna,Nowak,anna.nowak728@wp.pl,,,,NULL
CUST00730,Piotr,Wiśniewski,piotr.wiśniewski729@wp.pl,,Kraków,74,07-10-2016
CUST00731,Katarzyna,Mazur,katarzyna.mazur730@example.com,NULL,Wrocław,NULL,2024-12-20
CUST00732,Marek,Kowalski,marek.kowalski731@gmail.com,NULL,Gdańsk,38,
CUST00733,Anna,Zieliński,anna.zieliński732@gmail.com,NULL,Łódź,18,2018-04-04
CUST00734,Piotr,Mazur,piotr.mazur733@example.com,NULL,Warszawa,,2022-10-01
CUST00735,Piotr,Zieliński,piotr.zieliński734@onet.pl,NULL,Wrocław,,
CUST00736,Marek,Mazur,marek.mazur735@gmail.com,48849882243,Gdańsk,NULL,24-03-2020
CUST00737,Marek,Kaczmarek,marek.kaczmarek736@wp.pl,48870732251,Łódź,unknown,07-06-2021
CUST00738,Katarzyna,Kaczmarek,katarzyna.kaczmarek737@example.com,,Poznań,unknown,NULL
CUST00739,Katarzyna,Kowalski,katarzyna.kowalski738@onet.pl,NULL,Poznań,unknown,2022-03-18
CUST00740,Marek,Wójcik,marek.wójcik739@wp.pl,48872934117,Poznań,89,2019-11-11
CUST00741,Magdalena,Wójcik,magdalena.wójcik740@wp.pl,NULL,Warszawa,19,2025-06-18
CUST00742,Magdalena,Wójcik,magdalena.wójcik741@onet.pl,48700663309,Kraków,unknown,
CUST00743,Magdalena,Wiśniewski,magdalena.wiśniewski742@wp.pl,NULL,,NULL,NULL
CUST00744,Marek,Nowak,marek.nowak743@wp.pl,48536391562,Wrocław,unknown,2023-08-09
CUST00745,Tomasz,Kaczmarek,tomasz.kaczmarek744@onet.pl,,,unknown,NULL
CUST00746,Tomasz,Kowalski,tomasz.kowalski745@wp.pl,NULL,NULL,,
CUST00747,Jan,Mazur,jan.mazur746@onet.pl,NULL,NULL,,NULL
CUST00748,Jan,Wiśniewski,jan.wiśniewski747@gmail.com,48867950717,NULL,,
CUST00749,Agnieszka,Nowak,agnieszka.nowak748@onet.pl,NULL,Gdańsk,,
CUST00750,Katarzyna,Kowalski,katarzyna.kowalski749@wp.pl,48828375705,Poznań,60,19-08-2025
CUST00751,Marek,Kaczmarek,marek.kaczmarek750@example.com,NULL,Wrocław,NULL,2022-05-30
CUST00752,Agnieszka,Wiśniewski,agnieszka.wiśniewski751@gmail.com,,Poznań,,2015-12-30
CUST00753,Agnieszka,Wójcik,agnieszka.wójcik752@gmail.com,48833493811,Gdańsk,unknown,NULL
CUST00754,Marek,Mazur,marek.mazur753@example.com,,Gdańsk,NULL,
CUST00755,Agnieszka,Kowalski,agnieszka.kowalski754@onet.pl,48539041328,Łódź,NULL,2018-08-21
CUST00756,Anna,Nowak,anna.nowak755@example.com,NULL,Kraków,unknown,18-11-2015
CUST00757,Piotr,Zieliński,piotr.zieliński756@gmail.com,48563205784,Kraków,NULL,
CUST00758,Marek,Mazur,marek.mazur757@wp.pl,NULL,Warszawa,unknown,15-11-2019
CUST00759,Anna,Kaczmarek,anna.kaczmarek758@wp.pl,,NULL,27,
CUST00760,Agnieszka,Kowalski,agnieszka.kowalski759@gmail.com,48646678460,Warszawa,32,NULL
CUST00761,Agnieszka,Nowak,agnieszka.nowak760@onet.pl,,Kraków,,2019-04-14
CUST00762,Marek,Mazur,marek.mazur761@gmail.com,48850562519,,,NULL
CUST00763,Marek,Kaczmarek,marek.kaczmarek762@wp.pl,NULL,Gdańsk,,2019-11-11
CUST00764,Magdalena,Zieliński,magdalena.zieliński763@gmail.com,48768166635,Łódź,NULL,
CUST00765,Jan,Nowak,jan.nowak764@onet.pl,NULL,NULL,,21-01-2025
CUST00766,Magdalena,Wójcik,magdalena.wójcik765@gmail.com,NULL,Gdańsk,,17-12-2024
CUST00767,Agnieszka,Kaczmarek,agnieszka.kaczmarek766@onet.pl,48528452787,Łódź,51,08-04-2023
CUST00768,Agnieszka,Zieliński,agnieszka.zieliński767@onet.pl,48870805713,Łódź,NULL,2015-03-15
CUST00769,Jan,Mazur,jan.mazur768@onet.pl,,,NULL,NULL
CUST00770,Katarzyna,Kaczmarek,katarzyna.kaczmarek769@onet.pl,NULL,Kraków,,2016-10-02
CUST00771,Piotr,Kowalski,piotr.kowalski770@wp.pl,,Poznań,58,2017-10-21
CUST00772,Piotr,Mazur,piotr.mazur771@wp.pl,,Gdańsk,59,
CUST00773,Anna,Nowak,anna.nowak772@example.com,NULL,Łódź,33,01-09-2021
CUST00774,Jan,Mazur,jan.mazur773@onet.pl,,NULL,unknown,NULL
CUST00775,Jan,Wójcik,jan.wójcik774@gmail.com,48654918699,Warszawa,28,2020-05-03
CUST00776,Marek,Nowak,marek.nowak775@example.com,,Wrocław,NULL,23-07-2020
CUST00777,Marek,Mazur,marek.mazur776@wp.pl,48882690383,,,NULL
CUST00778,Piotr,Kowalski,piotr.kowalski777@gmail.com,NULL,NULL,43,2017-07-17
CUST00779,Magdalena,Wiśniewski,magdalena.wiśniewski778@example.com,NULL,Poznań,NULL,2024-05-27
CUST00780,Magdalena,Mazur,magdalena.mazur779@gmail.com,,Wrocław,unknown,NULL
CUST00781,Marek,Zieliński,marek.zieliński780@example.com,NULL,Gdańsk,90,
CUST00782,Marek,Kaczmarek,marek.kaczmarek781@gmail.com,48686236363,Łódź,,2025-05-05
CUST00783,Piotr,Kaczmarek,piotr.kaczmarek782@example.com,NULL,,66,21-09-2017
CUST00784,Anna,Nowak,anna.nowak783@onet.pl,,Gdańsk,NULL,2019-02-01
CUST00785,Tomasz,Kaczmarek,tomasz.kaczmarek784@wp.pl,,Gdańsk,unknown,NULL
CUST00786,Tomasz,Nowak,tomasz.nowak785@gmail.com,48655584189,Łódź,,07-03-2016
CUST00787,Magdalena,Mazur,magdalena.mazur786@example.com,NULL,Warszawa,,2024-08-02
CUST00788,Anna,Kaczmarek,anna.kaczmarek787@gmail.com,48728883348,Poznań,unknown,NULL
CUST00789,Katarzyna,Wójcik,katarzyna.wójcik788@example.com,NULL,Kraków,unknown,2017-02-10
CUST00790,Anna,Nowak,anna.nowak789@onet.pl,,,NULL,
CUST00791,Magdalena,Kowalski,magdalena.kowalski790@gmail.com,,,62,
CUST00792,Piotr,Wójcik,piotr.wójcik791@gmail.com,NULL,Gdańsk,,22-07-2021
CUST00793,Marek,Nowak,marek.nowak792@example.com,48792576323,NULL,NULL,2018-10-18
CUST00794,Tomasz,Kowalski,tomasz.kowalski793@gmail.com,,Warszawa,87,
CUST00795,Tomasz,Kaczmarek,tomasz.kaczmarek794@onet.pl,NULL,Gdańsk,,14-10-2024
CUST00796,Magdalena,Nowak,magdalena.nowak795@example.com,48862284733,Kraków,unknown,
CUST00797,Katarzyna,Kowalski,katarzyna.kowalski796@wp.pl,48762543011,Wrocław,unknown,
CUST00798,Magdalena,Kowalski,magdalena.kowalski797@onet.pl,,NULL,,NULL
CUST00799,Jan,Wiśniewski,jan.wiśniewski798@wp.pl,48715318095,Łódź,,NULL
CUST00800,Magdalena,Mazur,magdalena.mazur799@gmail.com,NULL,Kraków,unknown,2016-08-31
CUST00801,Agnieszka,Kowalski,agnieszka.kowalski800@gmail.com,NULL,Wrocław,,2022-12-16
CUST00802,Marek,Mazur,marek.mazur801@example.com,48596404903,Warszawa,,
CUST00803,Agnieszka,Kowalski,agnieszka.kowalski802@example.com,48521693154,,,2021-02-19
CUST00804,Katarzyna,Nowak,katarzyna.nowak803@onet.pl,,Kraków,NULL,09-07-2024
CUST00805,Agnieszka,Kaczmarek,agnieszka.kaczmarek804@onet.pl,48600172578,Warszawa,58,07-10-2024
CUST00806,Marek,Zieliński,marek.zieliński805@example.com,,Łódź,30,28-12-2025
CUST00807,Piotr,Kowalski,piotr.kowalski806@example.com,NULL,Gdańsk,NULL,2023-04-04
CUST00808,Anna,Nowak,anna.nowak807@example.com,48830813686,Wrocław,88,NULL
CUST00809,Tomasz,Wiśniewski,tomasz.wiśniewski808@onet.pl,,Wrocław,NULL,
CUST00810,Magdalena,Mazur,magdalena.mazur809@gmail.com,48856197304,Kraków,unknown,2020-03-17
CUST00811,Jan,Kaczmarek,jan.kaczmarek810@wp.pl,,Łódź,NULL,
CUST00812,Agnieszka,Wójcik,agnieszka.wójcik811@example.com,NULL,Łódź,NULL,
CUST00813,Katarzyna,Zieliński,katarzyna.zieliński812@wp.pl,48876418438,Wrocław,unknown,21-01-2026
CUST00814,Katarzyna,Wójcik,katarzyna.wójcik813@example.com,NULL,Warszawa,unknown,2019-02-11
CUST00815,Magdalena,Zieliński,magdalena.zieliński814@onet.pl,,,,16-07-2025
CUST00816,Jan,Mazur,jan.mazur815@gmail.com,48602221062,Warszawa,,07-01-2025
CUST00817,Piotr,Wiśniewski,piotr.wiśniewski816@example.com,NULL,,,
CUST00818,Katarzyna,Mazur,katarzyna.mazur817@wp.pl,,Warszawa,unknown,
CUST00819,Anna,Mazur,anna.mazur818@example.com,NULL,Poznań,unknown,29-10-2015
CUST00820,Piotr,Kaczmarek,piotr.kaczmarek819@example.com,48575723778,Łódź,NULL,28-02-2016
CUST00821,Jan,Mazur,jan.mazur820@wp.pl,,Gdańsk,unknown,2018-04-19
CUST00822,Jan,Wójcik,jan.wójcik821@gmail.com,48808742430,,38,NULL
CUST00823,Anna,Nowak,anna.nowak822@wp.pl,48710408190,NULL,unknown,NULL
CUST00824,Marek,Mazur,marek.mazur823@wp.pl,48537426750,Kraków,NULL,13-08-2021
CUST00825,Tomasz,Kowalski,tomasz.kowalski824@gmail.com,,Wrocław,NULL,2015-04-23
CUST00826,Marek,Nowak,marek.nowak825@onet.pl,,Warszawa,77,NULL
CUST00827,Piotr,Wiśniewski,piotr.wiśniewski826@example.com,48599738771,,NULL,
CUST00828,Magdalena,Kaczmarek,magdalena.kaczmarek827@onet.pl,NULL,Kraków,73,NULL
CUST00829,Piotr,Mazur,piotr.mazur828@onet.pl,,Warszawa,NULL,20-02-2019
CUST00830,Jan,Wiśniewski,jan.wiśniewski829@gmail.com,48539221228,Gdańsk,unknown,NULL
CUST00831,Agnieszka,Mazur,agnieszka.mazur830@gmail.com,NULL,Warszawa,,2024-06-19
CUST00832,Agnieszka,Nowak,agnieszka.nowak831@gmail.com,,NULL,,2025-12-17
CUST00833,Agnieszka,Zieliński,agnieszka.zieliński832@wp.pl,48788145601,Warszawa,30,2021-10-14
CUST00834,Agnieszka,Kowalski,agnieszka.kowalski833@onet.pl,48790762208,Gdańsk,,NULL
CUST00835,Marek,Kowalski,marek.kowalski834@onet.pl,NULL,,20,
CUST00836,Katarzyna,Kaczmarek,katarzyna.kaczmarek835@gmail.com,NULL,,,
CUST00837,Katarzyna,Kaczmarek,katarzyna.kaczmarek836@onet.pl,NULL,Warszawa,unknown,
CUST00838,Anna,Nowak,anna.nowak837@onet.pl,,Warszawa,63,
CUST00839,Anna,Zieliński,anna.zieliński838@example.com,NULL,Łódź,unknown,20-07-2017
CUST00840,Marek,Wiśniewski,marek.wiśniewski839@gmail.com,,Kraków,41,NULL
CUST00841,Piotr,Kaczmarek,piotr.kaczmarek840@gmail.com,NULL,NULL,NULL,11-10-2020
CUST00842,Marek,Kaczmarek,marek.kaczmarek841@onet.pl,48877705021,Wrocław,NULL,
CUST00843,Katarzyna,Zieliński,katarzyna.zieliński842@onet.pl,NULL,Poznań,64,30-05-2015
CUST00844,Tomasz,Kowalski,tomasz.kowalski843@wp.pl,,Warszawa,,2018-03-28
CUST00845,Agnieszka,Kowalski,agnieszka.kowalski844@example.com,NULL,Warszawa,unknown,2025-09-04
CUST00846,Piotr,Wójcik,piotr.wójcik845@onet.pl,,Poznań,37,
CUST00847,Katarzyna,Zieliński,katarzyna.zieliński846@onet.pl,NULL,Gdańsk,72,NULL
CUST00848,Piotr,Nowak,piotr.nowak847@gmail.com,48779843504,Kraków,unknown,
CUST00849,Agnieszka,Wójcik,agnieszka.wójcik848@gmail.com,,Warszawa,unknown,NULL
CUST00850,Katarzyna,Wiśniewski,katarzyna.wiśniewski849@example.com,,Łódź,,2020-11-30
CUST00851,Piotr,Zieliński,piotr.zieliński850@wp.pl,NULL,NULL,unknown,NULL
CUST00852,Tomasz,Kowalski,tomasz.kowalski851@onet.pl,,Warszawa,,NULL
CUST00853,Jan,Mazur,jan.mazur852@onet.pl,48722082716,,unknown,
CUST00854,Magdalena,Kaczmarek,magdalena.kaczmarek853@wp.pl,NULL,Kraków,unknown,NULL
CUST00855,Agnieszka,Mazur,agnieszka.mazur854@onet.pl,,Kraków,66,NULL
CUST00856,Anna,Wiśniewski,anna.wiśniewski855@wp.pl,48875508414,Wrocław,unknown,NULL
CUST00857,Tomasz,Kowalski,tomasz.kowalski856@gmail.com,NULL,NULL,,NULL
CUST00858,Piotr,Wójcik,piotr.wójcik857@onet.pl,NULL,Kraków,NULL,05-06-2020
CUST00859,Tomasz,Mazur,tomasz.mazur858@onet.pl,NULL,Kraków,NULL,NULL
CUST00860,Anna,Mazur,anna.mazur859@example.com,NULL,Poznań,unknown,
CUST00861,Katarzyna,Mazur,katarzyna.mazur860@onet.pl,NULL,Kraków,,NULL
CUST00862,Agnieszka,Nowak,agnieszka.nowak861@onet.pl,48799541935,Łódź,88,NULL
CUST00863,Katarzyna,Wiśniewski,katarzyna.wiśniewski862@wp.pl,48766332584,Poznań,unknown,NULL
CUST00864,Jan,Mazur,jan.mazur863@example.com,48800382378,Poznań,unknown,
CUST00865,Jan,Nowak,jan.nowak864@onet.pl,48554163580,Kraków,NULL,NULL
CUST00866,Agnieszka,Wiśniewski,agnieszka.wiśniewski865@gmail.com,NULL,Gdańsk,unknown,
CUST00867,Marek,Wiśniewski,marek.wiśniewski866@wp.pl,,Wrocław,unknown,21-12-2023
CUST00868,Piotr,Kowalski,piotr.kowalski867@example.com,NULL,NULL,43,08-02-2018
CUST00869,Anna,Wiśniewski,anna.wiśniewski868@onet.pl,48531304773,Gdańsk,NULL,2025-09-29
CUST00870,Piotr,Kowalski,piotr.kowalski869@example.com,NULL,Warszawa,NULL,NULL
CUST00871,Katarzyna,Zieliński,katarzyna.zieliński870@onet.pl,,NULL,NULL,
CUST00872,Katarzyna,Mazur,katarzyna.mazur871@wp.pl,,Gdańsk,NULL,NULL
CUST00873,Agnieszka,Zieliński,agnieszka.zieliński872@wp.pl,NULL,Kraków,unknown,2018-07-14
CUST00874,Agnieszka,Mazur,agnieszka.mazur873@example.com,,Kraków,,2021-05-15
CUST00875,Piotr,Wiśniewski,piotr.wiśniewski874@wp.pl,48817065633,Warszawa,,07-09-2016
CUST00876,Agnieszka,Nowak,agnieszka.nowak875@wp.pl,,NULL,38,NULL
CUST00877,Piotr,Kowalski,piotr.kowalski876@onet.pl,48727820836,Warszawa,,
CUST00878,Marek,Kowalski,marek.kowalski877@onet.pl,48780869788,Gdańsk,NULL,NULL
CUST00879,Anna,Wójcik,anna.wójcik878@example.com,,Wrocław,unknown,
CUST00880,Tomasz,Zieliński,tomasz.zieliński879@wp.pl,NULL,Warszawa,NULL,2015-09-04
CUST00881,Agnieszka,Zieliński,agnieszka.zieliński880@example.com,,Warszawa,26,NULL
CUST00882,Katarzyna,Nowak,katarzyna.nowak881@wp.pl,48851954452,NULL,NULL,
CUST00883,Katarzyna,Wójcik,katarzyna.wójcik882@example.com,48569009417,Łódź,,NULL
CUST00884,Katarzyna,Kowalski,katarzyna.kowalski883@wp.pl,NULL,Gdańsk,,2015-05-14
CUST00885,Piotr,Kaczmarek,piotr.kaczmarek884@wp.pl,48706674779,Poznań,unknown,2020-10-22
CUST00886,Jan,Mazur,jan.mazur885@onet.pl,,Łódź,76,2017-09-06
CUST00887,Tomasz,Wójcik,tomasz.wójcik886@gmail.com,48653659214,Poznań,68,
CUST00888,Katarzyna,Kaczmarek,katarzyna.kaczmarek887@onet.pl,NULL,Poznań,90,NULL
CUST00889,Marek,Wójcik,marek.wójcik888@example.com,NULL,,unknown,2024-07-29
CUST00890,Katarzyna,Zieliński,katarzyna.zieliński889@onet.pl,48663611396,Poznań,unknown,NULL
CUST00891,Katarzyna,Wiśniewski,katarzyna.wiśniewski890@onet.pl,48519526820,Gdańsk,NULL,08-10-2021
CUST00892,Agnieszka,Wójcik,agnieszka.wójcik891@gmail.com,NULL,Gdańsk,84,2018-04-19
CUST00893,Piotr,Mazur,piotr.mazur892@wp.pl,,,unknown,2023-04-11
CUST00894,Jan,Mazur,jan.mazur893@gmail.com,48584381268,Kraków,unknown,
CUST00895,Agnieszka,Kowalski,agnieszka.kowalski894@example.com,48773823640,Warszawa,32,2022-09-01
CUST00896,Anna,Wójcik,anna.wójcik895@wp.pl,48873267517,Gdańsk,unknown,NULL
CUST00897,Piotr,Zieliński,piotr.zieliński896@example.com,NULL,Warszawa,NULL,22-09-2017
CUST00898,Agnieszka,Wiśniewski,agnieszka.wiśniewski897@onet.pl,NULL,Wrocław,unknown,
CUST00899,Anna,Kaczmarek,anna.kaczmarek898@example.com,,Warszawa,,2023-02-21
CUST00900,Marek,Mazur,marek.mazur899@wp.pl,NULL,Kraków,,NULL
CUST00901,Tomasz,Wójcik,tomasz.wójcik900@gmail.com,NULL,Łódź,unknown,22-07-2024
CUST00902,Jan,Nowak,jan.nowak901@gmail.com,NULL,Kraków,54,11-12-2021
CUST00903,Jan,Wiśniewski,jan.wiśniewski902@wp.pl,48565415354,Poznań,27,2017-09-28
CUST00904,Tomasz,Kaczmarek,tomasz.kaczmarek903@gmail.com,,Gdańsk,,
CUST00905,Katarzyna,Kowalski,katarzyna.kowalski904@wp.pl,48663239237,Poznań,20,
CUST00906,Piotr,Mazur,piotr.mazur905@onet.pl,,Wrocław,NULL,NULL
CUST00907,Anna,Nowak,anna.nowak906@onet.pl,NULL,Wrocław,unknown,NULL
CUST00908,Agnieszka,Zieliński,agnieszka.zieliński907@example.com,NULL,Kraków,29,2021-11-21
CUST00909,Anna,Zieliński,anna.zieliński908@wp.pl,48695382411,Warszawa,unknown,2023-05-12
CUST00910,Agnieszka,Wójcik,agnieszka.wójcik909@onet.pl,NULL,NULL,NULL,NULL
CUST00911,Jan,Zieliński,jan.zieliński910@example.com,48841578352,Gdańsk,NULL,
CUST00912,Tomasz,Mazur,tomasz.mazur911@wp.pl,,Wrocław,NULL,2019-05-11
CUST00913,Marek,Kaczmarek,marek.kaczmarek912@example.com,,Warszawa,,18-10-2023
CUST00914,Anna,Wójcik,anna.wójcik913@example.com,NULL,Gdańsk,,NULL
CUST00915,Tomasz,Wiśniewski,tomasz.wiśniewski914@gmail.com,48797001929,Warszawa,,
CUST00916,Magdalena,Nowak,magdalena.nowak915@gmail.com,NULL,Kraków,unknown,NULL
CUST00917,Jan,Kaczmarek,jan.kaczmarek916@gmail.com,48596261013,Kraków,28,2022-11-03
CUST00918,Magdalena,Wójcik,magdalena.wójcik917@gmail.com,NULL,Poznań,NULL,NULL
CUST00919,Anna,Kaczmarek,anna.kaczmarek918@onet.pl,NULL,Warszawa,NULL,2022-05-30
CUST00920,Agnieszka,Wiśniewski,agnieszka.wiśniewski919@wp.pl,,Warszawa,85,
CUST00921,Magdalena,Kaczmarek,magdalena.kaczmarek920@wp.pl,NULL,Wrocław,18,NULL
CUST00922,Jan,Zieliński,jan.zieliński921@example.com,,Kraków,unknown,06-07-2018
CUST00923,Tomasz,Kaczmarek,tomasz.kaczmarek922@wp.pl,,NULL,unknown,2023-11-21
CUST00924,Anna,Wiśniewski,anna.wiśniewski923@gmail.com,NULL,Wrocław,37,NULL
CUST00925,Agnieszka,Kowalski,agnieszka.kowalski924@onet.pl,NULL,Kraków,NULL,
CUST00926,Marek,Kaczmarek,marek.kaczmarek925@wp.pl,,Warszawa,unknown,NULL
CUST00927,Anna,Wójcik,anna.wójcik926@gmail.com,48741586124,Poznań,NULL,
CUST00928,Marek,Mazur,marek.mazur927@onet.pl,NULL,Poznań,,
CUST00929,Marek,Wiśniewski,marek.wiśniewski928@wp.pl,,Poznań,NULL,2024-12-12
CUST00930,Piotr,Wójcik,piotr.wójcik929@example.com,,Warszawa,unknown,
CUST00931,Piotr,Mazur,piotr.mazur930@onet.pl,,,85,2015-07-17
CUST00932,Anna,Zieliński,anna.zieliński931@wp.pl,48643850787,Poznań,26,18-12-2016
CUST00933,Magdalena,Nowak,magdalena.nowak932@wp.pl,48598748125,,unknown,
CUST00934,Katarzyna,Kaczmarek,katarzyna.kaczmarek933@onet.pl,NULL,Kraków,unknown,NULL
CUST00935,Anna,Zieliński,anna.zieliński934@onet.pl,48807850447,Gdańsk,NULL,2025-02-21
CUST00936,Piotr,Kowalski,piotr.kowalski935@wp.pl,,,NULL,2015-09-05
CUST00937,Katarzyna,Mazur,katarzyna.mazur936@gmail.com,NULL,NULL,unknown,2017-07-07
CUST00938,Magdalena,Mazur,magdalena.mazur937@example.com,NULL,Wrocław,NULL,NULL
CUST00939,Tomasz,Nowak,tomasz.nowak938@onet.pl,,Warszawa,29,
CUST00940,Katarzyna,Wiśniewski,katarzyna.wiśniewski939@gmail.com,NULL,Poznań,NULL,NULL
CUST00941,Agnieszka,Kowalski,agnieszka.kowalski940@gmail.com,,NULL,unknown,2022-07-20
CUST00942,Jan,Wójcik,jan.wójcik941@wp.pl,,Warszawa,NULL,24-05-2017
CUST00943,Piotr,Wiśniewski,piotr.wiśniewski942@wp.pl,48586764533,Gdańsk,unknown,2022-12-19
CUST00944,Piotr,Wiśniewski,piotr.wiśniewski943@onet.pl,48879555661,Warszawa,68,
CUST00945,Jan,Nowak,jan.nowak944@gmail.com,NULL,Łódź,NULL,2024-08-20
CUST00946,Jan,Kowalski,jan.kowalski945@onet.pl,NULL,Kraków,,20-03-2024
CUST00947,Anna,Kowalski,anna.kowalski946@gmail.com,,Łódź,unknown,08-09-2018
CUST00948,Anna,Kowalski,anna.kowalski947@example.com,48862353546,NULL,unknown,
CUST00949,Piotr,Kaczmarek,piotr.kaczmarek948@example.com,,Warszawa,NULL,
CUST00950,Katarzyna,Kowalski,katarzyna.kowalski949@wp.pl,48671630201,Łódź,45,
CUST00951,Anna,Zieliński,anna.zieliński950@onet.pl,48504947398,Warszawa,53,NULL
CUST00952,Magdalena,Mazur,magdalena.mazur951@example.com,48523837273,Poznań,,NULL
CUST00953,Piotr,Kaczmarek,piotr.kaczmarek952@onet.pl,NULL,NULL,unknown,
CUST00954,Piotr,Zieliński,piotr.zieliński953@example.com,48808797935,NULL,unknown,2021-07-26
CUST00955,Anna,Nowak,anna.nowak954@example.com,NULL,Poznań,NULL,19-06-2022
CUST00956,Magdalena,Nowak,magdalena.nowak955@wp.pl,48796067372,Gdańsk,,
CUST00957,Katarzyna,Mazur,katarzyna.mazur956@example.com,,Warszawa,,2018-12-30
CUST00958,Katarzyna,Zieliński,katarzyna.zieliński957@gmail.com,48856849473,Gdańsk,,
CUST00959,Jan,Nowak,jan.nowak958@onet.pl,48510141974,Łódź,49,NULL
CUST00960,Tomasz,Zieliński,tomasz.zieliński959@gmail.com,48722963629,Warszawa,unknown,NULL
CUST00961,Agnieszka,Kaczmarek,agnieszka.kaczmarek960@wp.pl,48891259098,Łódź,NULL,2020-08-24
CUST00962,Jan,Wiśniewski,jan.wiśniewski961@gmail.com,NULL,Łódź,unknown,
CUST00963,Marek,Mazur,marek.mazur962@onet.pl,48731231379,Gdańsk,NULL,19-08-2022
CUST00964,Anna,Kaczmarek,anna.kaczmarek963@gmail.com,NULL,Wrocław,NULL,01-11-2020
CUST00965,Jan,Kowalski,jan.kowalski964@example.com,48716054048,Kraków,72,27-10-2019
CUST00966,Katarzyna,Wiśniewski,katarzyna.wiśniewski965@example.com,NULL,Gdańsk,,18-12-2018
CUST00967,Piotr,Kaczmarek,piotr.kaczmarek966@wp.pl,,Wrocław,unknown,03-07-2019
CUST00968,Agnieszka,Wiśniewski,agnieszka.wiśniewski967@example.com,NULL,NULL,unknown,2018-02-04
CUST00969,Magdalena,Kowalski,magdalena.kowalski968@example.com,48804646746,Łódź,unknown,
CUST00970,Agnieszka,Nowak,agnieszka.nowak969@example.com,NULL,Gdańsk,NULL,
CUST00971,Magdalena,Kaczmarek,magdalena.kaczmarek970@gmail.com,,Wrocław,NULL,06-11-2018
CUST00972,Katarzyna,Wiśniewski,katarzyna.wiśniewski971@onet.pl,NULL,Poznań,,NULL
CUST00973,Tomasz,Mazur,tomasz.mazur972@wp.pl,,Poznań,NULL,14-07-2021
CUST00974,Anna,Wójcik,anna.wójcik973@gmail.com,NULL,Łódź,20,2024-05-18
CUST00975,Piotr,Kowalski,piotr.kowalski974@gmail.com,48853116995,Wrocław,NULL,16-12-2020
CUST00976,Jan,Mazur,jan.mazur975@gmail.com,NULL,Warszawa,NULL,2017-05-06
CUST00977,Agnieszka,Zieliński,agnieszka.zieliński976@gmail.com,48885760024,,unknown,12-09-2018
CUST00978,Piotr,Nowak,piotr.nowak977@example.com,,Kraków,unknown,2023-04-17
CUST00979,Magdalena,Wójcik,magdalena.wójcik978@wp.pl,NULL,Kraków,26,
CUST00980,Piotr,Nowak,piotr.nowak979@example.com,48753581803,Kraków,unknown,2022-04-06
CUST00981,Piotr,Mazur,piotr.mazur980@onet.pl,,Kraków,37,NULL
CUST00982,Magdalena,Kaczmarek,magdalena.kaczmarek981@example.com,48763241364,Warszawa,51,23-11-2022
CUST00983,Anna,Wójcik,anna.wójcik982@gmail.com,NULL,Warszawa,22,
CUST00984,Jan,Kaczmarek,jan.kaczmarek983@example.com,,Łódź,,NULL
CUST00985,Jan,Kowalski,jan.kowalski984@onet.pl,48846194077,Kraków,,12-06-2015
CUST00986,Magdalena,Zieliński,magdalena.zieliński985@gmail.com,48813506464,Kraków,unknown,NULL
CUST00987,Jan,Zieliński,jan.zieliński986@example.com,NULL,Łódź,NULL,2018-06-22
CUST00988,Agnieszka,Kowalski,agnieszka.kowalski987@gmail.com,48551052089,,NULL,NULL
CUST00989,Jan,Mazur,jan.mazur988@gmail.com,,Poznań,,21-10-2022
CUST00990,Tomasz,Kaczmarek,tomasz.kaczmarek989@gmail.com,NULL,Warszawa,NULL,18-01-2020
CUST00991,Jan,Wiśniewski,jan.wiśniewski990@example.com,48571552044,Gdańsk,22,NULL
CUST00992,Agnieszka,Mazur,agnieszka.mazur991@gmail.com,48898843245,Warszawa,,
CUST00993,Tomasz,Kaczmarek,tomasz.kaczmarek992@onet.pl,,,NULL,02-07-2021
CUST00994,Katarzyna,Kowalski,katarzyna.kowalski993@gmail.com,NULL,Łódź,unknown,21-07-2021
CUST00995,Katarzyna,Zieliński,katarzyna.zieliński994@gmail.com,,NULL,unknown,
CUST00996,Piotr,Wiśniewski,piotr.wiśniewski995@onet.pl,,Kraków,29,
CUST00997,Piotr,Mazur,piotr.mazur996@onet.pl,NULL,Gdańsk,30,2024-04-09
CUST00998,Piotr,Nowak,piotr.nowak997@example.com,,,unknown,2017-06-15
CUST00999,Tomasz,Kowalski,tomasz.kowalski998@onet.pl,48603955976,Poznań,28,13-11-2015
CUST01000,Katarzyna,Wójcik,katarzyna.wójcik999@wp.pl,,,34,2020-06-04
